Name,Set code,Set name,Collector number,Foil,Rarity,Quantity,ManaBox ID,Scryfall ID,Purchase price,Misprint,Altered,Signed,Condition,Language,Proxy,Purchase price currency,Added
Thundertrap Trainer,BLB,Bloomburrow,78,normal,rare,1,95814,9cf3af94-b7c8-415c-a5a1-d89967fd0bba,2.84,false,false,false,near_mint,en,false,EUR,2025-11-14T14:07:18.709Z
Tamiyo's Logbook,ONE,Phyrexia: All Will Be One,70,normal,uncommon,1,78399,0edb2d01-9a94-410c-8ab7-ca1b404ab5f0,0.12,false,false,false,near_mint,en,false,EUR,2025-11-14T14:07:18.709Z
Ichor Synthesizer,ONE,Phyrexia: All Will Be One,55,normal,common,1,78659,7f516ee6-8f7b-40b2-82e5-9c4ea3e0a355,0.1,false,false,false,near_mint,en,false,EUR,2025-11-14T14:07:18.709Z
Cackling Counterpart,DSC,Duskmourn: House of Horror Commander,72,normal,rare,1,98936,eb26e2dd-a81b-46a5-9208-c6b3d2548fbb,0.18,false,false,false,near_mint,en,false,EUR,2025-11-14T14:07:18.709Z
Dig Through Time,DSC,Duskmourn: House of Horror Commander,115,normal,rare,1,99162,572b3180-9822-4885-b81c-b1bf8aca5a5e,0.29,false,false,false,near_mint,en,false,EUR,2025-11-14T14:07:18.709Z
Body of Knowledge,DSC,Duskmourn: House of Horror Commander,112,normal,rare,1,99063,185b2e8f-ab37-42e4-b3a1-f38b19a2e05a,0.26,false,false,false,near_mint,en,false,EUR,2025-11-14T14:07:18.709Z
Nyx-Fleece Ram,A25,Masters 25,26,normal,uncommon,1,2690,ad98e518-4ec9-403e-a978-217244262c8f,0.45,false,false,false,near_mint,en,false,EUR,2025-11-14T14:07:18.709Z
Zimone's Hypothesis,DSC,Duskmourn: House of Horror Commander,15,normal,rare,1,98897,ada2b522-219a-44be-98c1-83a02efdd709,0.25,false,false,false,near_mint,en,false,EUR,2025-11-14T14:07:18.709Z
Marang River Regent // Coil and Catch,TDM,Tarkir: Dragonstorm,51,normal,rare,1,104393,f890bdc7-32e6-4492-bac7-7cabf54a8bfd,2.51,false,false,false,near_mint,en,false,EUR,2025-11-14T14:07:18.709Z
Leyline of Transformation,DSK,Duskmourn: House of Horror,63,normal,rare,1,98705,4bd941ca-f3d2-44c1-8df3-851362f6b848,0.27,false,false,false,near_mint,en,false,EUR,2025-11-14T14:07:18.709Z
Naga Fleshcrafter,TDM,Tarkir: Dragonstorm,333,normal,rare,1,104816,95b4863c-51bc-445d-97a5-289b5a87c871,0.41,false,false,false,near_mint,en,false,EUR,2025-11-14T14:07:18.709Z
Moonsnare Specialist,NEO,Kamigawa: Neon Dynasty,335,normal,common,1,66844,f5e2fdd4-b953-4e9a-b511-52199a34214e,0.08,false,false,false,near_mint,en,false,EUR,2025-11-14T14:07:18.709Z
Disrupt,WTH,Weatherlight,37,normal,common,1,37260,c6cc89b0-9acf-452b-ac1a-bc7e90eb32fc,0.42,false,false,false,near_mint,en,false,EUR,2025-11-14T14:07:18.709Z
Spectral Sailor,FDN,Foundations,164,normal,uncommon,1,100100,03a49535-c5f3-4a6f-b333-7ac7bffdc9ae,0.1,false,false,false,near_mint,en,false,EUR,2025-11-14T14:07:18.709Z
Louisoix's Sacrifice,FIN,Final Fantasy,59,normal,rare,1,106544,4a6976f2-0bd5-449a-8fcf-f5a732ce22c1,0.5,false,false,false,near_mint,en,false,EUR,2025-11-14T14:07:18.709Z
Finch Formation,BLB,Bloomburrow,50,normal,common,1,95899,1c671eab-d1ef-4d79-94eb-8b85f0d18699,0.02,false,false,false,near_mint,en,false,EUR,2025-11-14T14:07:18.709Z
Kefnet the Mindful,DSC,Duskmourn: House of Horror Commander,118,normal,mythic,1,99344,ca06ae1a-4080-450a-8ff0-ad6aafd8f04c,0.22,false,false,false,near_mint,en,false,EUR,2025-11-14T14:07:18.709Z
Dreamshackle Geist,VOW,Innistrad: Crimson Vow,58,normal,rare,1,64112,1b81d90b-708a-48c9-a478-e3b0a3d7e982,0.22,false,false,false,near_mint,en,false,EUR,2025-11-14T14:07:18.709Z
Go-Shintai of Lost Wisdom,NEO,Kamigawa: Neon Dynasty,55,normal,uncommon,1,66739,7ec1192c-25b8-4975-ae6c-86be28ac1840,0.22,false,false,false,near_mint,en,false,EUR,2025-11-14T14:07:18.709Z
Agent of Kotis,TDM,Tarkir: Dragonstorm,36,normal,common,1,104318,812d0462-0158-467f-951d-a7a121188a10,0.02,false,false,false,near_mint,en,false,EUR,2025-11-14T14:07:18.709Z
Wretched Throng,INR,Innistrad Remastered,94,normal,common,1,102713,a8ecbf3e-24ea-4bce-b97b-7f96668f2e14,0.02,false,false,false,near_mint,en,false,EUR,2025-11-14T14:07:18.709Z
Grizzled Angler // Grisly Anglerfish,INR,Innistrad Remastered,67,normal,uncommon,1,102439,16c0bb08-36b3-41e2-a5a9-2fcd6bb49beb,0.03,false,false,false,near_mint,en,false,EUR,2025-11-14T14:07:18.709Z
Forbidden Alchemy,TDC,Tarkir: Dragonstorm Commander,152,normal,common,1,104432,04def7e3-10e4-4733-8c19-8fa6e4469086,0.16,false,false,false,near_mint,en,false,EUR,2025-11-14T14:07:18.709Z
Retrieval Agent,BRO,The Brothers' War,60,normal,common,1,75886,f333a7b1-936e-42f3-ba22-2c76dd2f1c9a,0.03,false,false,false,near_mint,en,false,EUR,2025-11-14T14:07:18.709Z
Makeshift Mauler,INR,Innistrad Remastered,73,normal,common,1,102511,404c6bb8-4c64-458f-a4aa-98beb2c6a77c,0.03,false,false,false,near_mint,en,false,EUR,2025-11-14T14:07:18.709Z
Run Away Together,BLB,Bloomburrow,67,normal,common,1,95799,7cb7ec70-a5a4-4188-ba1a-e88b81bdbad0,0.08,false,false,false,near_mint,en,false,EUR,2025-11-14T14:07:18.709Z
Dire Downdraft,BLB,Bloomburrow,46,normal,common,1,96526,f1931f22-974c-43ad-911e-684bf3f9995d,0.08,false,false,false,near_mint,en,false,EUR,2025-11-14T14:07:18.709Z
Fresh Start,TDM,Tarkir: Dragonstorm,46,normal,uncommon,1,104818,96f7af08-ac05-45d0-979f-282943130c61,0.15,false,false,false,near_mint,en,false,EUR,2025-11-14T14:07:18.709Z
Serra Advocate,DVD,Duel Decks Anthology: Divine vs. Demonic,7,normal,uncommon,1,12471,d7d48d56-c79e-4c7c-a9a0-92b7fb980e5c,0.14,false,false,false,near_mint,en,false,EUR,2025-11-14T14:07:18.709Z
The Prima Vista,FIN,Final Fantasy,64,normal,uncommon,1,106212,e3998132-5746-4dde-9529-97d3ad7d7361,0.05,false,false,false,near_mint,en,false,EUR,2025-11-14T14:07:18.709Z
Rook Turret,FIN,Final Fantasy,69,normal,common,1,106541,4572884d-0c0e-41e7-b219-f76b95fdbd01,0.1,false,false,false,near_mint,en,false,EUR,2025-11-14T14:07:18.709Z
Lantern Flare,VOW,Innistrad: Crimson Vow,23,normal,rare,2,64442,dfd59300-7b5c-4263-a7fd-775c9fcb05ad,0.11,false,false,false,near_mint,en,false,EUR,2025-11-14T14:07:18.709Z
Memories Returning,FIN,Final Fantasy,63,normal,rare,1,106622,a753abfc-35d3-4faf-ab35-3b51aa778174,0.23,false,false,false,near_mint,en,false,EUR,2025-11-14T14:07:18.709Z
"Ultros, Obnoxious Octopus",FIN,Final Fantasy,83,normal,uncommon,1,106515,14379198-9a0a-4853-9d51-fb074a24b1c0,0.09,false,false,false,near_mint,en,false,EUR,2025-11-14T14:07:18.709Z
Valkyrie Aerial Unit,FIN,Final Fantasy,84,normal,uncommon,1,106126,b40a055f-ea66-44d4-b058-a328a3d10994,0.07,false,false,false,near_mint,en,false,EUR,2025-11-14T14:07:18.709Z
Pearl of Wisdom,BLB,Bloomburrow,64,normal,common,1,95625,13cb9575-1138-4f99-8e90-0eaf00bdf4a1,0.1,false,false,false,near_mint,en,false,EUR,2025-11-14T14:07:18.709Z
Relm's Sketching,FIN,Final Fantasy,67,normal,uncommon,2,106345,6aedac12-3714-4a81-bd4d-1d2555c66f78,0.15,false,false,false,near_mint,en,false,EUR,2025-11-14T14:07:18.709Z
Moonsnare Prototype,NEO,Kamigawa: Neon Dynasty,69,normal,common,1,66423,9d8bc0e9-a536-4bca-92a6-8dca85e1e984,0.12,false,false,false,near_mint,en,false,EUR,2025-11-14T14:07:18.709Z
Summon: Shiva,FIN,Final Fantasy,78,normal,uncommon,1,103800,a80511f8-7cb1-4974-afde-8a5cebe13ad7,0.1,false,false,false,near_mint,en,false,EUR,2025-11-14T14:07:18.709Z
Syncopate,FIN,Final Fantasy,80,normal,common,1,106409,83e1cd8d-5b97-427a-be75-2a1947f9c59b,0.06,false,false,false,near_mint,en,false,EUR,2025-11-14T14:07:18.709Z
Il Mheg Pixie,FIN,Final Fantasy,57,normal,uncommon,4,106629,ae612312-3a8e-495f-8730-deaaf7505ca1,0.07,false,false,false,near_mint,en,false,EUR,2025-11-14T14:07:18.709Z
Runewing,RTR,Return to Ravnica,48,normal,common,1,17374,749961e6-b135-4629-ae9d-124de0d70db9,0.03,false,false,false,near_mint,en,false,EUR,2025-11-14T14:07:18.709Z
Voidwielder,RTR,Return to Ravnica,56,normal,common,1,17366,23723bc7-a68e-4810-bc87-60df916cbb8a,0.02,false,false,false,near_mint,en,false,EUR,2025-11-14T14:07:18.709Z
Faerie Impostor,DDN,Duel Decks: Speed vs. Cunning,43,normal,uncommon,1,13487,cdec8e65-8914-4a7a-9ed0-991a73242f3f,0.34,false,false,false,near_mint,en,false,EUR,2025-11-14T14:07:18.709Z
Thunder Drake,CLU,Ravnica: Clue Edition,102,normal,common,1,91271,e7ae37f2-37b9-4421-82b1-183a268d8617,0.34,false,false,false,near_mint,en,false,EUR,2025-11-14T14:07:18.709Z
Mesmerizing Dose,ONE,Phyrexia: All Will Be One,62,normal,common,1,78888,dac28e27-78aa-48b1-96fa-edca1fbcfb77,0.05,false,false,false,near_mint,en,false,EUR,2025-11-14T14:07:18.709Z
Erratic Apparition,DSK,Duskmourn: House of Horror,54,normal,common,1,99287,a74fd612-2890-4333-a379-5bf7650fbb87,0.04,false,false,false,near_mint,en,false,EUR,2025-11-14T14:07:18.709Z
Waterwind Scout,LCI,The Lost Caverns of Ixalan,84,normal,common,1,88669,8a7738fb-0a1b-4010-b8c0-e1129739c765,0.03,false,false,false,near_mint,en,false,EUR,2025-11-14T14:07:18.709Z
Aether Syphon,DFT,Aetherdrift,38,normal,uncommon,1,103294,d7033739-4cd8-4727-b9b5-099fb597006b,0.15,false,false,false,near_mint,en,false,EUR,2025-11-14T14:07:18.709Z
Bounce Off,DFT,Aetherdrift,39,normal,common,1,103545,7b3c8dda-2405-4879-8dd1-e790a833c42d,0.13,false,false,false,near_mint,en,false,EUR,2025-11-14T14:07:18.709Z
Gearseeker Serpent,DFT,Aetherdrift,43,normal,common,1,103480,3dca0007-42d3-4ee2-8e88-361d80a7103c,0.1,false,false,false,near_mint,en,false,EUR,2025-11-14T14:07:18.709Z
Keen Buccaneer,DFT,Aetherdrift,48,normal,common,1,103429,0ed90a63-5aca-470a-8e1e-518d8aeb6d91,0.05,false,false,false,near_mint,en,false,EUR,2025-11-14T14:07:18.709Z
Slick Imitator,DFT,Aetherdrift,62,normal,uncommon,1,103481,3e86ef50-4939-4e7c-853d-438f0f3e0411,0.11,false,false,false,near_mint,en,false,EUR,2025-11-14T14:07:18.709Z
Spyglass Siren,LCI,The Lost Caverns of Ixalan,78,normal,uncommon,1,88436,41e54343-95e5-4dc4-9f18-e4a415fe5e0a,0.54,false,false,false,near_mint,en,false,EUR,2025-11-14T14:07:18.709Z
Planar Incision,NEO,Kamigawa: Neon Dynasty,72,normal,common,1,66752,9163cb04-ee28-4127-b53a-89c546996d7d,0.2,false,false,false,near_mint,en,false,EUR,2025-11-14T14:07:18.709Z
Staunch Crewmate,LCI,The Lost Caverns of Ixalan,79,normal,uncommon,1,88293,143e9845-8a11-4fc4-b116-29a929985146,0.14,false,false,false,near_mint,en,false,EUR,2025-11-14T14:07:18.709Z
Reality Heist,NEO,Kamigawa: Neon Dynasty,75,normal,uncommon,1,66544,5bc954d7-322a-45b8-9e25-6e9a97fbde61,0.14,false,false,false,near_mint,en,false,EUR,2025-11-14T14:07:18.709Z
Moonsnare Specialist,NEO,Kamigawa: Neon Dynasty,70,normal,common,1,66655,1e8b209f-f577-45cc-9d18-03c1d67d391e,0.16,false,false,false,near_mint,en,false,EUR,2025-11-14T14:07:18.709Z
Saiba Trespassers,NEO,Kamigawa: Neon Dynasty,77,normal,common,1,66598,c3dd7f1a-5d43-4218-a9d8-7cc4f6a18ecd,0.06,false,false,false,near_mint,en,false,EUR,2025-11-14T14:07:18.709Z
Anchor to Reality,NEO,Kamigawa: Neon Dynasty,45,normal,uncommon,1,66541,58141ad0-32ea-4e07-a133-ff7812d58c0e,0.18,false,false,false,near_mint,en,false,EUR,2025-11-14T14:07:18.709Z
Moonfolk Puzzlemaker,NEO,Kamigawa: Neon Dynasty,68,normal,common,1,66802,c9fa6d4c-78dc-4b40-9ce8-a0e593d4001f,0.06,false,false,false,near_mint,en,false,EUR,2025-11-14T14:07:18.709Z
Skyswimmer Koi,NEO,Kamigawa: Neon Dynasty,79,normal,common,1,66819,db50259b-8ca8-4fbe-8ae3-6b0312d70980,0.08,false,false,false,near_mint,en,false,EUR,2025-11-14T14:07:18.709Z
Highspire Bell-Ringer,TDM,Tarkir: Dragonstorm,47,normal,common,1,105020,e75dccf7-2894-4c4a-b516-3eee73acddd3,0.08,false,false,false,near_mint,en,false,EUR,2025-11-14T14:07:18.709Z
Invoke the Winds,NEO,Kamigawa: Neon Dynasty,58,normal,rare,1,66589,ad7b423a-bfd1-47aa-bd2c-64a169b96924,0.18,false,false,false,near_mint,en,false,EUR,2025-11-14T14:07:18.709Z
Mindspring Merfolk,DFT,Aetherdrift,51,normal,rare,1,103232,b6250b8b-1943-445f-ada9-30b41eb6d29b,0.37,false,false,false,near_mint,en,false,EUR,2025-11-14T14:07:18.709Z
Dispel,RTR,Return to Ravnica,36,normal,common,1,17386,08d4a8d7-c136-472f-8146-a1100701ca4f,0.35,false,false,false,near_mint,en,false,EUR,2025-11-14T14:07:18.709Z
Cancel,RTR,Return to Ravnica,31,normal,common,1,17391,fd994a26-65ff-43be-8d52-476e887d3ed2,0.05,false,false,false,near_mint,en,false,EUR,2025-11-14T14:07:18.709Z
Essence Capture,NEO,Kamigawa: Neon Dynasty,52,normal,uncommon,1,66624,f39bf1fa-b530-4353-a683-843466227109,0.19,false,false,false,near_mint,en,false,EUR,2025-11-14T14:07:18.709Z
Spectral Denial,TDM,Tarkir: Dragonstorm,58,normal,uncommon,1,105037,ee4e732a-1ffd-463d-92c2-26187659cfc3,0.22,false,false,false,near_mint,en,false,EUR,2025-11-14T14:07:18.709Z
Encroaching Mycosynth,ONE,Phyrexia: All Will Be One,47,normal,rare,1,78592,65a2fcc9-2317-48a1-a5eb-234fb3300364,0.32,false,false,false,near_mint,en,false,EUR,2025-11-14T14:07:18.709Z
Scholar of the Ages,CMR,Commander Legends,93,normal,uncommon,1,55777,8bfa31b5-8a4f-4766-9606-648cb8ee2916,0.2,false,false,false,near_mint,en,false,EUR,2025-11-14T14:07:18.709Z
Gitaxian Anatomist,ONE,Phyrexia: All Will Be One,52,normal,common,1,78586,63517062-77da-4b60-aa24-f91553a81bed,0.09,false,false,false,near_mint,en,false,EUR,2025-11-14T14:07:18.709Z
The Modern Age // Vector Glider,NEO,Kamigawa: Neon Dynasty,66,normal,common,1,66475,ee60a8e9-3201-4a7e-8aa4-2c5e1042c8a5,0.17,false,false,false,near_mint,en,false,EUR,2025-11-14T14:07:18.709Z
Annul,EOE,Edge of Eternities,46,normal,uncommon,1,107271,4feeebea-aa55-4599-ab5a-4e41a54d0dfd,0.19,false,false,false,near_mint,en,false,EUR,2025-11-14T14:07:18.709Z
Wingblade Disciple,TDM,Tarkir: Dragonstorm,65,normal,uncommon,1,105138,71de7dca-0231-4407-86a0-c7fc95f5aaa0,0.11,false,false,false,near_mint,en,false,EUR,2025-11-14T14:07:18.709Z
Sleep Paralysis,M20,Core Set 2020,75,normal,common,1,45386,2babef35-27ab-45aa-88cd-f21dccae5125,0.02,false,false,false,near_mint,en,false,EUR,2025-11-14T14:07:18.709Z
Hard Cover,M20,Core Set 2020,63,normal,uncommon,1,45398,e16c9f3a-534b-42d4-9765-8d1cb15375aa,0.08,false,false,false,near_mint,en,false,EUR,2025-11-14T14:07:18.709Z
Specimen Freighter,EOE,Edge of Eternities,76,normal,uncommon,1,107526,b862a9f8-2361-4220-99bd-ae2530905195,0.07,false,false,false,near_mint,en,false,EUR,2025-11-14T14:07:18.709Z
Cursed Windbreaker,DSK,Duskmourn: House of Horror,47,normal,uncommon,1,98942,f651e216-f9da-4696-8a1d-6d674e9044c0,0.16,false,false,false,near_mint,en,false,EUR,2025-11-14T14:07:18.709Z
Alchemist's Retrieval,VOW,Innistrad: Crimson Vow,47,normal,common,1,64462,edbf9d4f-6027-40b8-81c1-7f001a9119dd,0.14,false,false,false,near_mint,en,false,EUR,2025-11-14T14:07:18.709Z
Riverwalk Technique,TDM,Tarkir: Dragonstorm,54,normal,common,1,105118,043c25d5-13ee-4cab-98d5-fb89db9cf6e3,0.02,false,false,false,near_mint,en,false,EUR,2025-11-14T14:07:18.709Z
Enter the Enigma,DSK,Duskmourn: House of Horror,52,normal,common,1,99008,cf5479c7-9e46-4a57-abe7-8cc670de89e4,0.18,false,false,false,near_mint,en,false,EUR,2025-11-14T14:07:18.709Z
Selfcraft Mechan,EOE,Edge of Eternities,74,normal,common,1,107724,5b2de056-5c27-44d6-871d-909411bd52dd,0.05,false,false,false,near_mint,en,false,EUR,2025-11-14T14:07:18.709Z
Frilled Cave-Wurm,LCI,The Lost Caverns of Ixalan,57,normal,common,1,88585,6f65e1bc-fade-4fdf-a1fd-de068bff9e4c,0.02,false,false,false,near_mint,en,false,EUR,2025-11-14T14:07:18.709Z
Scour for Scrap,EOE,Edge of Eternities,73,normal,uncommon,1,107719,517d1b00-7ec4-489a-ac52-657da24a6379,0.25,false,false,false,near_mint,en,false,EUR,2025-11-14T14:07:18.709Z
Meat Locker // Drowned Diner,DSK,Duskmourn: House of Horror,65,normal,common,1,99303,b3c773f0-9e65-48de-a362-a9a943198693,0.08,false,false,false,near_mint,en,false,EUR,2025-11-14T14:07:18.709Z
Canyon Crab,OTJ,Outlaws of Thunder Junction,40,normal,uncommon,1,93317,b740a8a8-e1d3-4642-a214-03731c9b5553,0.11,false,false,false,near_mint,en,false,EUR,2025-11-14T14:07:18.709Z
Peerless Ropemaster,OTJ,Outlaws of Thunder Junction,60,normal,common,1,93304,ae044509-2f31-4506-a124-0e445b7181a2,0.08,false,false,false,near_mint,en,false,EUR,2025-11-14T14:07:18.709Z
Tunnel Surveyor,DSK,Duskmourn: House of Horror,76,normal,common,1,98782,12ee2690-f464-4a38-81e1-6dd2053a3327,0.04,false,false,false,near_mint,en,false,EUR,2025-11-14T14:07:18.709Z
Floodpits Drowner,DSK,Duskmourn: House of Horror,59,normal,uncommon,1,98888,a6a62aa3-8edb-4000-8ebd-15ec4b00eed7,0.64,false,false,false,near_mint,en,false,EUR,2025-11-14T14:07:18.709Z
Dragonstorm Forecaster,TDM,Tarkir: Dragonstorm,43,normal,uncommon,1,104740,75ec7a31-1893-493c-926b-dc3a8a770e72,0.15,false,false,false,near_mint,en,false,EUR,2025-11-14T14:07:18.709Z
Atomic Microsizer,EOE,Edge of Eternities,47,normal,uncommon,1,107403,3554f0c7-ea73-43e9-a061-bbb8ef6abce1,0.09,false,false,false,near_mint,en,false,EUR,2025-11-14T14:07:18.709Z
Cloudsculpt Technician,EOE,Edge of Eternities,49,normal,common,1,107718,51077a54-15cf-4088-8e84-088d72e8e861,0.05,false,false,false,near_mint,en,false,EUR,2025-11-14T14:07:18.709Z
Cryogen Relic,EOE,Edge of Eternities,52,normal,common,1,107466,7bfb33b6-e2bf-498f-8c58-ae21a840cf75,0.53,false,false,false,near_mint,en,false,EUR,2025-11-14T14:07:18.709Z
Gigastorm Titan,EOE,Edge of Eternities,57,normal,uncommon,1,107603,abc83e0a-0ae5-4087-a751-058a1ba6a920,0.08,false,false,false,near_mint,en,false,EUR,2025-11-14T14:07:18.709Z
Splash Portal,BLB,Bloomburrow,74,normal,uncommon,1,95958,adbaa356-28ba-487f-930a-a957d9960ab0,0.47,false,false,false,near_mint,en,false,EUR,2025-11-14T14:07:18.709Z
Unravel,EOE,Edge of Eternities,83,normal,uncommon,1,107193,e8978214-c853-453d-872d-af56bdaaa3d7,0.11,false,false,false,near_mint,en,false,EUR,2025-11-14T14:07:18.709Z
Orazca Puzzle-Door,LCI,The Lost Caverns of Ixalan,68,normal,common,1,88356,27acf726-52f5-493d-8678-c12485f67747,0.06,false,false,false,near_mint,en,false,EUR,2025-11-14T14:07:18.709Z
Let's Play a Game,DSK,Duskmourn: House of Horror,105,normal,uncommon,2,98980,645911b4-7728-4380-9097-e4139b986423,0.15,false,false,false,near_mint,en,false,EUR,2025-11-14T14:07:18.709Z
Mind Spiral,BLB,Bloomburrow,59,normal,common,1,96068,7e24fe6a-607b-49b8-9fca-cecb1e40de7f,0.07,false,false,false,near_mint,en,false,EUR,2025-11-14T14:07:18.709Z
Delver of Secrets // Insectile Aberration,INR,Innistrad Remastered,60,normal,common,1,102586,6904ea20-e504-47da-95a0-08739fdde260,0.24,false,false,false,near_mint,en,false,EUR,2025-11-14T14:07:18.709Z
Short Circuit,NEO,Kamigawa: Neon Dynasty,78,normal,common,1,66730,74fe0fb5-e994-41b1-a73d-4e68f7afdf34,0.03,false,false,false,near_mint,en,false,EUR,2025-11-14T14:07:18.709Z
Shell Shield,ZNR,Zendikar Rising,79,normal,common,1,54524,3daede39-8eef-4272-a483-312dbd2dd30f,0.07,false,false,false,near_mint,en,false,EUR,2025-11-14T14:07:18.709Z
Glacial Grasp,ZNR,Zendikar Rising,59,normal,common,1,54519,381d84d6-7b34-44cb-a697-54b835ba1281,0.03,false,false,false,near_mint,en,false,EUR,2025-11-14T14:07:18.709Z
Sure-Footed Infiltrator,ZNR,Zendikar Rising,83,normal,uncommon,1,54415,0505053c-8a9c-43ed-b44a-b52c56ba4f77,0.08,false,false,false,near_mint,en,false,EUR,2025-11-14T14:07:18.709Z
Panglacial Shinobi,MB2,Mystery Booster 2,534,normal,rare,1,97089,e5350eb3-ad35-420a-83a9-14c356210ba7,0.22,false,false,false,near_mint,en,false,EUR,2025-11-14T14:07:18.709Z
Winged Portent,VOW,Innistrad: Crimson Vow,89,normal,rare,1,64155,3494a4fc-37e5-4095-a3bb-5cd9280f4c77,0.26,false,false,false,near_mint,en,false,EUR,2025-11-14T14:07:18.709Z
Witness Protection,FDN,Foundations,168,normal,common,1,101621,f231e981-0069-43ce-ac1c-c85ced613e93,0.13,false,false,false,near_mint,en,false,EUR,2025-11-14T14:07:18.709Z
Imprisoned in the Moon,INR,Innistrad Remastered,69,normal,common,1,102416,0d150547-09f5-45ce-a825-89944b066bd4,0.11,false,false,false,near_mint,en,false,EUR,2025-11-14T14:07:18.709Z
Repository Skaab,VOW,Innistrad: Crimson Vow,73,normal,common,1,64282,7cc22c2a-535a-46b5-817c-da5850abd669,0.08,false,false,false,near_mint,en,false,EUR,2025-11-14T14:07:18.709Z
Corrupted Shapeshifter,MH3,Modern Horizons 3,56,normal,common,1,94381,27534c8a-cb71-43bc-b706-80a525396222,0.09,false,false,false,near_mint,en,false,EUR,2025-11-14T14:07:18.709Z
Stitched Assistant,VOW,Innistrad: Crimson Vow,81,normal,common,1,64399,c1debb8c-d5e0-49e5-ab27-2d50e6f9d8d2,0.08,false,false,false,near_mint,en,false,EUR,2025-11-14T14:07:18.709Z
Steelclad Spirit,VOW,Innistrad: Crimson Vow,80,normal,common,1,64222,55fb1426-5a6f-48dd-938b-c64b1a28ee59,0.03,false,false,false,near_mint,en,false,EUR,2025-11-14T14:07:18.709Z
Skywarp Skaab,VOW,Innistrad: Crimson Vow,78,normal,common,1,64269,73168804-3c22-4fcb-907a-2f08999c0cea,0.04,false,false,false,near_mint,en,false,EUR,2025-11-14T14:07:18.709Z
Dirgur Island Dragon // Skimming Strike,TDM,Tarkir: Dragonstorm,40,normal,common,1,104342,b1d21a9a-6b0c-4fbc-a427-81be885d326b,0.04,false,false,false,near_mint,en,false,EUR,2025-11-14T14:07:18.709Z
Lightshell Duo,FDN,Foundations,157,normal,common,1,101063,bb75315c-ea8f-4eb0-899e-c73ef75fc396,0.05,false,false,false,near_mint,en,false,EUR,2025-11-14T14:07:18.709Z
Spellgyre,BLB,Bloomburrow,72,normal,uncommon,1,96139,f6f6620a-1d40-429d-9a0c-aaeb62adaa71,0.2,false,false,false,near_mint,en,false,EUR,2025-11-14T14:07:18.709Z
Long River Lurker,BLB,Bloomburrow,57,normal,uncommon,1,95941,7c267719-cd03-4003-b281-e732d5e42a1e,0.18,false,false,false,near_mint,en,false,EUR,2025-11-14T14:07:18.709Z
Shore Up,BLB,Bloomburrow,69,normal,common,1,96277,4dc3b49e-3674-494c-bdea-4374cefd10f4,0.13,false,false,false,near_mint,en,false,EUR,2025-11-14T14:07:18.709Z
Wormfang Drake,DMR,Dominaria Remastered,74,normal,common,1,77902,501128c7-c541-4de8-a041-9367c032dbb3,0.04,false,false,false,near_mint,en,false,EUR,2025-11-14T14:07:18.709Z
Underwater Tunnel // Slimy Aquarium,DSK,Duskmourn: House of Horror,79,normal,common,1,99092,2dd69f2d-8c9c-41fc-93ea-48fc7a6d5272,0.05,false,false,false,near_mint,en,false,EUR,2025-11-14T14:07:18.709Z
Spectral Interference,DFT,Aetherdrift,63,normal,common,1,103556,860cb8af-a5f6-47e7-a34b-7b9f11ddc8c6,0.04,false,false,false,near_mint,en,false,EUR,2025-11-14T14:07:18.709Z
Crosstown Courier,DDM,Duel Decks: Jace vs. Vraska,6,normal,common,1,14744,d04e6d05-5ec8-4e7d-86b8-da9549dbaa5e,0.07,false,false,false,near_mint,en,false,EUR,2025-11-14T14:07:18.709Z
Isperia's Skywatch,RTR,Return to Ravnica,43,normal,common,1,17379,019ba84d-d236-45c5-a8ad-75def7736d0c,0.05,false,false,false,near_mint,en,false,EUR,2025-11-14T14:07:18.709Z
Mizzium Skin,RTR,Return to Ravnica,45,normal,common,1,17377,d9859344-4efc-4b87-a3fb-147e496cee68,0.16,false,false,false,near_mint,en,false,EUR,2025-11-14T14:07:18.709Z
Mouth of the Storm,EOE,Edge of Eternities,70,normal,uncommon,1,106997,380f16d6-ad43-4e0d-9645-6abde6248182,0.08,false,false,false,near_mint,en,false,EUR,2025-11-14T14:07:18.709Z
Thief's Knife,FIN,Final Fantasy,81,normal,uncommon,1,106645,c2dcfd0a-3f52-4616-a09a-fd2db8b6b93e,0.07,false,false,false,near_mint,en,false,EUR,2025-11-14T14:07:18.709Z
Mechan Navigator,EOE,Edge of Eternities,64,normal,uncommon,1,107507,a1fe1d39-42c8-41d0-8bf0-46973e4b07d4,0.07,false,false,false,near_mint,en,false,EUR,2025-11-14T14:07:18.709Z
Glass-Cast Heart,LCC,The Lost Caverns of Ixalan Commander,199,normal,rare,1,89029,f36a4054-903c-468a-877b-0ba43a403cc1,0.2,false,false,false,near_mint,en,false,EUR,2025-11-14T14:07:18.709Z
Vanish from Sight,DSK,Duskmourn: House of Horror,82,normal,common,1,98825,5254988b-3113-42f7-b751-517ffb3b40f0,0.02,false,false,false,near_mint,en,false,EUR,2025-11-14T14:07:18.709Z
Dazzling Denial,BLB,Bloomburrow,45,normal,common,1,96369,8739f1ac-2e57-4b52-a7ff-cc8df5936aad,0.09,false,false,false,near_mint,en,false,EUR,2025-11-14T14:07:18.709Z
Guardians of Oboro,NEO,Kamigawa: Neon Dynasty,56,normal,common,2,66618,e9c44d4e-742f-4e4f-9bf4-921075bc427c,0.06,false,false,false,near_mint,en,false,EUR,2025-11-14T14:07:18.709Z
Starbreach Whale,EOE,Edge of Eternities,77,normal,common,3,107085,8a1a0476-7145-4493-97e5-4fc05c85e476,0.04,false,false,false,near_mint,en,false,EUR,2025-11-14T14:07:18.709Z
Ancestral Reminiscence,LCI,The Lost Caverns of Ixalan,45,normal,common,2,88542,625690d3-7131-45de-adea-9c927241e661,0.08,false,false,false,near_mint,en,false,EUR,2025-11-14T14:07:18.709Z
Daggermaw Megalodon,DSK,Duskmourn: House of Horror,48,normal,common,3,98934,e72a38b9-29aa-4804-ab27-4c40321f0bc3,0.03,false,false,false,near_mint,en,false,EUR,2025-11-14T14:07:18.709Z
Dreams of Laguna,FIN,Final Fantasy,50,normal,common,6,106292,ba752243-2727-4b8a-8e21-e70becfd4ff3,0.09,false,false,false,near_mint,en,false,EUR,2025-11-14T14:07:18.709Z
Eject,FIN,Final Fantasy,52,normal,uncommon,2,106631,aec83c9a-8ec4-4a5a-b27f-0e74a2b3d21e,0.1,false,false,false,near_mint,en,false,EUR,2025-11-14T14:07:18.709Z
Qiqirn Merchant,FIN,Final Fantasy,65,normal,common,3,106623,a75a6ecc-a6a5-462c-bd92-ae57dde9b965,0.03,false,false,false,near_mint,en,false,EUR,2025-11-14T14:07:18.709Z
Stolen Uniform,FIN,Final Fantasy,75,normal,uncommon,3,106510,0d80c511-2f4d-4f77-8143-7b49b2b19fae,0.12,false,false,false,near_mint,en,false,EUR,2025-11-14T14:07:18.709Z
Stuck in Summoner's Sanctum,FIN,Final Fantasy,76,normal,common,5,106562,6678501e-6349-4e37-ab4c-a31a3d408d52,0.04,false,false,false,near_mint,en,false,EUR,2025-11-14T14:07:18.709Z
Dragoon's Wyvern,FIN,Final Fantasy,49,normal,common,3,105729,d92bce20-308e-4841-aaf8-8e20698292e7,0.05,false,false,false,near_mint,en,false,EUR,2025-11-14T14:07:18.709Z
Snowmelt Stag,TDM,Tarkir: Dragonstorm,57,normal,common,2,104869,a6b3b131-704a-4586-84f8-db465cd4a277,0.04,false,false,false,near_mint,en,false,EUR,2025-11-14T14:07:18.709Z
Dispelling Exhale,TDM,Tarkir: Dragonstorm,41,normal,common,4,104477,1c9af3f1-711e-42ae-803a-1100eba3fb13,0.12,false,false,false,near_mint,en,false,EUR,2025-11-14T14:07:18.709Z
Focus the Mind,TDM,Tarkir: Dragonstorm,45,normal,common,3,105153,abb0ba34-6904-4c17-a04d-ea4f12c7cf21,0.13,false,false,false,near_mint,en,false,EUR,2025-11-14T14:07:18.709Z
Illvoi Operative,EOE,Edge of Eternities,61,normal,common,3,107773,d0ae9fc7-1802-4806-9996-1f1f458ff6a7,0.03,false,false,false,near_mint,en,false,EUR,2025-11-14T14:07:18.709Z
Glimmerburst,DSK,Duskmourn: House of Horror,62,normal,common,3,99425,fe1ab8db-3994-4b6d-9eaf-75243a78b715,0.07,false,false,false,near_mint,en,false,EUR,2025-11-14T14:07:18.709Z
Sidequest: Card Collection // Magicked Card,FIN,Final Fantasy,73,normal,uncommon,2,106589,8ac3d2c9-5978-4cfb-a746-c901decff093,0.12,false,false,false,near_mint,en,false,EUR,2025-11-14T14:07:18.709Z
Aether Gale,DSC,Duskmourn: House of Horror Commander,109,normal,rare,2,99422,f956bdf3-6b1d-4730-98f6-ba89d3a12b8b,0.22,false,false,false,near_mint,en,false,EUR,2025-11-14T14:07:18.709Z
Veteran Ice Climber,TDM,Tarkir: Dragonstorm,64,normal,uncommon,3,105162,bcccfd7b-2846-4552-a89a-2b868bc9ab20,0.11,false,false,false,near_mint,en,false,EUR,2025-11-14T14:07:18.709Z
Nanoform Sentinel,EOE,Edge of Eternities,71,normal,common,3,107711,3eeae8c3-7939-4c79-92f0-fbdb9c1b71d3,0.06,false,false,false,near_mint,en,false,EUR,2025-11-14T14:07:18.709Z
Cryoshatter,EOE,Edge of Eternities,53,normal,common,3,107738,7b62b1e2-9e43-4a66-a647-7e5de2871f2a,0.07,false,false,false,near_mint,en,false,EUR,2025-11-14T14:07:18.709Z
Magic Damper,FIN,Final Fantasy,61,normal,common,2,106540,44921b2e-5938-4f63-92b9-0b719a2f8c68,0.1,false,false,false,near_mint,en,false,EUR,2025-11-14T14:07:18.709Z
Wingspan Stride,TDM,Tarkir: Dragonstorm,66,normal,common,3,104541,339a0e24-c332-4558-bb60-f5504ddde88c,0.15,false,false,false,near_mint,en,false,EUR,2025-11-14T14:07:18.709Z
Sage's Nouliths,FIN,Final Fantasy,70,normal,common,2,106088,a12ff7c3-6ae0-4098-9240-ff3fd16a5288,0.06,false,false,false,near_mint,en,false,EUR,2025-11-14T14:07:18.709Z
Combat Tutorial,FIN,Final Fantasy,48,normal,common,5,106679,ec195607-ac30-4931-acfd-f9d8ac8b047f,0.07,false,false,false,near_mint,en,false,EUR,2025-11-14T14:07:18.709Z
Sinister Cryologist,EOE,Edge of Eternities,75,normal,common,2,107783,e8fbe740-05ec-4ced-bb9d-3084c8c2b631,0.02,false,false,false,near_mint,en,false,EUR,2025-11-14T14:07:18.709Z
Mechan Shieldmate,EOE,Edge of Eternities,65,normal,common,6,107736,745b2119-4d9f-431f-89b9-10ad48b6dc47,0.07,false,false,false,near_mint,en,false,EUR,2025-11-14T14:07:18.709Z
Ice Flan,FIN,Final Fantasy,55,normal,common,5,106357,ad304c9c-943f-442f-bb82-ff378ad7d7ba,0.05,false,false,false,near_mint,en,false,EUR,2025-11-14T14:07:18.709Z
Sahagin,FIN,Final Fantasy,71,normal,common,4,106276,516940c7-c271-4f64-af75-c7ba98548382,0.04,false,false,false,near_mint,en,false,EUR,2025-11-14T14:07:18.709Z
Lost in Space,EOE,Edge of Eternities,62,normal,common,2,107733,6d9d7979-97af-4c85-86f5-1b3704f74e8b,0.04,false,false,false,near_mint,en,false,EUR,2025-11-14T14:07:18.709Z
Ether,FIN,Final Fantasy,53,normal,uncommon,3,106586,896ee6e9-15a9-4974-b576-50f4759fac38,0.08,false,false,false,near_mint,en,false,EUR,2025-11-14T14:07:18.709Z
Ovinize,DMR,Dominaria Remastered,63,normal,common,2,78170,e92204e3-2c98-4834-a838-ddc9f85fdeea,0.04,false,false,false,near_mint,en,false,EUR,2025-11-14T14:07:18.709Z
Ice Magic,FIN,Final Fantasy,56,normal,common,3,105677,9dabd626-7ec3-4913-babb-d5d3fd5e32d5,0.05,false,false,false,near_mint,en,false,EUR,2025-11-14T14:07:18.709Z
Iceridge Serpent,TDM,Tarkir: Dragonstorm,49,normal,common,2,105167,d13f117b-b8e4-48db-8ce9-5da9c7ce23a5,0.06,false,false,false,near_mint,en,false,EUR,2025-11-14T14:07:18.709Z
Illvoi Light Jammer,EOE,Edge of Eternities,60,normal,common,2,107785,efb3d961-543c-4404-b4ed-1cb28ee411b3,0.07,false,false,false,near_mint,en,false,EUR,2025-11-14T14:07:18.709Z
Travel the Overworld,FIN,Final Fantasy,82,normal,uncommon,4,106625,aa5086e0-e2f2-498f-9035-1b31e1d21e0a,0.06,false,false,false,near_mint,en,false,EUR,2025-11-14T14:07:18.709Z
The Lunar Whale,FIN,Final Fantasy,60,normal,rare,3,106630,ae875471-346c-4a76-b26f-b7205dad5b80,0.19,false,false,false,near_mint,en,false,EUR,2025-11-14T14:07:18.709Z
Retrieve the Esper,FIN,Final Fantasy,68,normal,common,5,106301,ebd733f0-8883-434a-b36c-ef76b091fe8e,0.04,false,false,false,near_mint,en,false,EUR,2025-11-14T14:07:18.709Z
Mental Modulation,EOE,Edge of Eternities,67,normal,common,2,107693,0f2d12fc-38a0-42e6-9caa-7c18bfcf0011,0.08,false,false,false,near_mint,en,false,EUR,2025-11-14T14:07:18.709Z
Sleep Magic,FIN,Final Fantasy,74,normal,uncommon,2,106650,c96cae63-7625-48e3-aaba-5b1632a8642d,0.07,false,false,false,near_mint,en,false,EUR,2025-11-14T14:07:18.709Z
Ringing Strike Mastery,TDM,Tarkir: Dragonstorm,53,normal,common,3,104399,ff4fc7ec-05f5-479a-8fbb-31e12a67b57e,0.08,false,false,false,near_mint,en,false,EUR,2025-11-14T14:07:18.709Z
Scorpion Sentinel,FIN,Final Fantasy,72,normal,common,2,106503,08ab5220-e5c1-472e-8217-97fd60e1773c,0.03,false,false,false,near_mint,en,false,EUR,2025-11-14T14:07:18.709Z
Piranha Fly,DSK,Duskmourn: House of Horror,70,normal,common,2,98742,cd891675-12d4-40df-996a-97d694155227,0.06,false,false,false,near_mint,en,false,EUR,2025-11-14T14:07:18.709Z
Stalked Researcher,DSK,Duskmourn: House of Horror,73,normal,common,2,98868,8a26ccad-adfa-43cc-be4c-dc8dd584bca3,0.02,false,false,false,near_mint,en,false,EUR,2025-11-14T14:07:18.709Z
Humbling Elder,TDM,Tarkir: Dragonstorm,48,normal,common,4,104562,3a84c3f8-0030-4653-880e-b2d19272f5fa,0.14,false,false,false,near_mint,en,false,EUR,2025-11-14T14:07:18.709Z
Sibsig Appraiser,TDM,Tarkir: Dragonstorm,56,normal,common,2,105135,670c5b96-bac6-449b-a2bd-cb43750d3911,0.07,false,false,false,near_mint,en,false,EUR,2025-11-14T14:07:18.709Z
Bewildering Blizzard,TDM,Tarkir: Dragonstorm,38,normal,uncommon,2,104807,91b25843-1aa0-484a-b6c7-0c284fe7214a,0.07,false,false,false,near_mint,en,false,EUR,2025-11-14T14:07:18.709Z
Quistis Trepe,FIN,Final Fantasy,66,normal,uncommon,2,106279,61784cbd-92e9-43c7-a1a8-4004b1bf4dae,0.11,false,false,false,near_mint,en,false,EUR,2025-11-14T14:07:18.709Z
Illvoi Galeblade,EOE,Edge of Eternities,58,normal,common,2,107060,769f7d13-a312-4d79-8639-6ae248452448,0.12,false,false,false,near_mint,en,false,EUR,2025-11-14T14:07:18.709Z
Cerebral Download,EOE,Edge of Eternities,48,normal,uncommon,2,107429,4d3b5d73-694c-4f9a-8b4f-d8d8c58c8d65,0.1,false,false,false,near_mint,en,false,EUR,2025-11-14T14:07:18.709Z
Eye of Malcator,ONE,Phyrexia: All Will Be One,50,normal,common,2,78651,7cc4246b-ff59-44b2-acff-c0bb6e4cd6ac,0.08,false,false,false,near_mint,en,false,EUR,2025-11-14T14:07:18.709Z
Twist Reality,DSK,Duskmourn: House of Horror,77,normal,common,2,98834,644714dd-7a0b-4d4b-9a61-8f6e505b1d22,0.09,false,false,false,near_mint,en,false,EUR,2025-11-14T14:07:18.709Z
Paranormal Analyst,DSK,Duskmourn: House of Horror,69,normal,uncommon,2,98978,60cf954a-5503-460c-8720-8960842eea47,0.1,false,false,false,near_mint,en,false,EUR,2025-11-14T14:07:18.709Z
Shadow Summoning,TDC,Tarkir: Dragonstorm Commander,101,normal,uncommon,1,104727,71398076-a0ff-4bc5-b141-25dfaebe0d53,0.14,false,false,false,near_mint,en,false,EUR,2025-11-14T14:07:18.709Z
"Aron, Benalia's Ruin",TDC,Tarkir: Dragonstorm Commander,280,normal,uncommon,1,104732,721cd840-5f2e-40b7-8b33-ea2d6343d390,0.11,false,false,false,near_mint,en,false,EUR,2025-11-14T14:07:18.709Z
Temur Battlecrier,TDM,Tarkir: Dragonstorm,228,normal,rare,1,104309,72184791-0767-4108-920c-763e92dae2d4,0.42,false,false,false,near_mint,en,false,EUR,2025-11-14T14:07:18.709Z
"Rashmi, Eternities Crafter",DSC,Duskmourn: House of Horror Commander,231,normal,mythic,1,99387,e553935f-d8d8-4b98-ab4a-5a2eea3f3626,0.35,false,false,false,near_mint,en,false,EUR,2025-11-14T14:07:18.709Z
Oversimplify,DSC,Duskmourn: House of Horror Commander,228,normal,rare,1,99370,db0e1886-fe98-48a3-aa9c-8255c02c0604,0.24,false,false,false,near_mint,en,false,EUR,2025-11-14T14:07:18.709Z
"Tatyova, Benthic Druid",FDN,Foundations,247,normal,uncommon,1,101301,eabc978a-0666-472d-bdc6-d4b29d29eca4,0.14,false,false,false,near_mint,en,false,EUR,2025-11-14T14:07:18.709Z
"Satsuki, the Living Lore",NEO,Kamigawa: Neon Dynasty,399,foil,rare,1,66585,a0dd5813-8c6e-4fa3-b11d-e13f14ce8c4e,0.71,false,false,false,near_mint,en,false,EUR,2025-11-14T14:07:18.709Z
"Narset, Jeskai Waymaster",TDM,Tarkir: Dragonstorm,209,normal,rare,1,103995,6b77cbc1-dbc8-44d9-aa29-15cbb19afecd,0.25,false,false,false,near_mint,en,false,EUR,2025-11-14T14:07:18.709Z
New Way Forward,TDM,Tarkir: Dragonstorm,367,normal,rare,1,104721,6ebc8ee7-3a1c-49f7-aa67-ff68c377e38c,0.18,false,false,false,near_mint,en,false,EUR,2025-11-14T14:07:18.709Z
"Itzquinth, Firstborn of Gishath",LCI,The Lost Caverns of Ixalan,331,normal,uncommon,1,88448,44f2aa6b-a092-4348-a24f-5edf46544eb7,0.08,false,false,false,near_mint,en,false,EUR,2025-11-14T14:07:18.709Z
Peer Past the Veil,DSK,Duskmourn: House of Horror,325,normal,rare,1,98661,b70e7b3a-3fe2-4f3c-8292-b44e4a0fc5a4,0.14,false,false,false,near_mint,en,false,EUR,2025-11-14T14:07:18.709Z
Inevitable Defeat,TDM,Tarkir: Dragonstorm,194,normal,rare,1,103997,9d677980-b608-407e-9f17-790a81263f15,0.25,false,false,false,near_mint,en,false,EUR,2025-11-14T14:07:18.709Z
Rediscover the Way,TDM,Tarkir: Dragonstorm,388,normal,rare,1,104331,9f0797b4-7e06-4f64-95f3-3a7d694d601a,0.31,false,false,false,near_mint,en,false,EUR,2025-11-14T14:07:18.709Z
"Ayli, Eternal Pilgrim",FDN,Foundations,652,normal,rare,1,100121,06969031-2c13-4b5a-bb4e-86eed025e614,0.65,false,false,false,near_mint,en,false,EUR,2025-11-14T14:07:18.709Z
Mind Drill Assailant,BLB,Bloomburrow,225,normal,common,1,95783,507ba708-ca9b-453e-b4c2-23b6650eb5a8,0.09,false,false,false,near_mint,en,false,EUR,2025-11-14T14:07:18.709Z
Bloodtithe Harvester,VOW,Innistrad: Crimson Vow,310,normal,uncommon,1,64062,01182501-2b50-4b87-835a-fea3c5e6e330,0.17,false,false,false,near_mint,en,false,EUR,2025-11-14T14:07:18.709Z
Biomass Mutation,DSC,Duskmourn: House of Horror Commander,214,normal,rare,1,99275,a16aa6bf-547f-4d95-82ca-79a4ee5b6212,0.14,false,false,false,near_mint,en,false,EUR,2025-11-14T14:07:18.709Z
Stormcatch Mentor,BLB,Bloomburrow,234,normal,uncommon,1,95813,99754055-6d67-4fde-aff3-41f6af6ea764,0.21,false,false,false,near_mint,en,false,EUR,2025-11-14T14:07:18.709Z
Hardened Tactician,TDM,Tarkir: Dragonstorm,191,normal,uncommon,1,104780,86b225cb-5c45-4da1-a64e-b04091e483e8,0.11,false,false,false,near_mint,en,false,EUR,2025-11-14T14:07:18.709Z
Reigning Victor,TDM,Tarkir: Dragonstorm,216,normal,common,1,104334,a394112a-032b-4047-887a-6522cf7b83d5,0.07,false,false,false,near_mint,en,false,EUR,2025-11-14T14:07:18.709Z
Corpseberry Cultivator,BLB,Bloomburrow,210,normal,common,1,95829,c911a759-ed7b-452b-88a3-663478357610,0.07,false,false,false,near_mint,en,false,EUR,2025-11-14T14:07:18.709Z
Starseer Mentor,BLB,Bloomburrow,233,normal,uncommon,1,95791,6b2f6dc5-9fe8-49c1-b24c-1d99ce1da619,0.08,false,false,false,near_mint,en,false,EUR,2025-11-14T14:07:18.709Z
Burrowguard Mentor,BLB,Bloomburrow,206,normal,uncommon,1,95945,87138ace-3594-499e-bad5-ec76148613ea,0.14,false,false,false,near_mint,en,false,EUR,2025-11-14T14:07:18.709Z
Wizard Mentor,USG,Urza's Saga,112,normal,common,1,35856,49805401-9bd9-48a3-9b99-0120a8bb1fb5,0.06,false,false,false,near_mint,en,false,EUR,2025-11-14T14:07:18.709Z
Pond Prophet,BLB,Bloomburrow,229,normal,common,1,95861,fb959e74-61ea-453d-bb9f-ad0183c0e1b1,0.1,false,false,false,near_mint,en,false,EUR,2025-11-14T14:07:18.709Z
Veteran Guardmouse,BLB,Bloomburrow,237,normal,common,1,95771,3db43c46-b616-4ef8-80ed-0fab345ab3d0,0.05,false,false,false,near_mint,en,false,EUR,2025-11-14T14:07:18.709Z
"Garnet, Princess of Alexandria",FIN,Final Fantasy,222,normal,uncommon,1,106638,b883df14-8d7b-4f6a-9a6a-2f71f5b6ddda,0.12,false,false,false,near_mint,en,false,EUR,2025-11-14T14:07:18.709Z
Ignis Scientia,FIN,Final Fantasy,227,normal,uncommon,1,106627,ab4f9721-5b2c-4371-98a5-3f6714265e57,0.11,false,false,false,near_mint,en,false,EUR,2025-11-14T14:07:18.709Z
"Itzquinth, Firstborn of Gishath",LCI,The Lost Caverns of Ixalan,230,normal,uncommon,1,88588,7112c366-b36a-4bc8-aa64-6bad16bebc39,0.1,false,false,false,near_mint,en,false,EUR,2025-11-14T14:07:18.709Z
"Syr Vondam, the Lucent",EOE,Edge of Eternities,232,normal,uncommon,1,107198,ea954205-5ff5-493b-bf30-6212042c2bc9,0.08,false,false,false,near_mint,en,false,EUR,2025-11-14T14:07:18.709Z
Inquisitive Glimmer,DSK,Duskmourn: House of Horror,217,normal,uncommon,1,98752,f1f66e3e-9f1f-4601-aa30-30b66805a5a8,0.17,false,false,false,near_mint,en,false,EUR,2025-11-14T14:07:18.709Z
Fear of Infinity,DSK,Duskmourn: House of Horror,214,normal,uncommon,1,98857,81756844-c642-406f-842d-35c1e404fec0,0.07,false,false,false,near_mint,en,false,EUR,2025-11-14T14:07:18.709Z
Beastie Beatdown,DSK,Duskmourn: House of Horror,210,normal,uncommon,1,99176,5f889c95-46af-4fd9-aff2-573d5384fd58,0.07,false,false,false,near_mint,en,false,EUR,2025-11-14T14:07:18.709Z
Interceptor Mechan,EOE,Edge of Eternities,220,normal,uncommon,1,107235,198211af-f413-4e9b-9baf-4b4fcb81eadc,0.08,false,false,false,near_mint,en,false,EUR,2025-11-14T14:07:18.709Z
Mutinous Massacre,EOE,Edge of Eternities,222,normal,rare,1,107012,42d5034f-18f0-4d57-9840-6be52c286247,0.2,false,false,false,near_mint,en,false,EUR,2025-11-14T14:07:18.709Z
"Jor Kadeen, First Goldwarden",ONE,Phyrexia: All Will Be One,203,normal,rare,1,78249,e7e4d8f7-874d-4b2a-ad23-afab479784ea,0.26,false,false,false,near_mint,en,false,EUR,2025-11-14T14:07:18.709Z
Bartolomé del Presidio,LCI,The Lost Caverns of Ixalan,224,normal,uncommon,1,88562,690ccdc7-6c43-4902-9d11-2f07b7a36b11,0.13,false,false,false,near_mint,en,false,EUR,2025-11-14T14:07:18.709Z
Peer Past the Veil,DSK,Duskmourn: House of Horror,226,normal,rare,1,98649,874eadb6-602e-47dc-8094-82e37ac89c94,0.09,false,false,false,near_mint,en,false,EUR,2025-11-14T14:07:18.709Z
Roaring Furnace // Steaming Sauna,DSK,Duskmourn: House of Horror,230,normal,rare,1,99257,94352ffb-d716-484d-b018-4e1c033ef2f3,0.22,false,false,false,near_mint,en,false,EUR,2025-11-14T14:07:18.709Z
Jeskai Brushmaster,TDM,Tarkir: Dragonstorm,195,normal,uncommon,1,104526,2eb06c36-cf7e-47a9-819e-adfc54284153,0.02,false,false,false,near_mint,en,false,EUR,2025-11-14T14:07:18.709Z
Junkyard Genius,BRO,The Brothers' War,214,normal,uncommon,1,75674,a15b0676-b698-4160-8d2f-a22a1011bac0,0.09,false,false,false,near_mint,en,false,EUR,2025-11-14T14:07:18.709Z
Seedglaive Mentor,BLB,Bloomburrow,231,normal,uncommon,1,95836,d21c3e41-0636-49a3-8c9c-384c5e5c9c3e,0.18,false,false,false,near_mint,en,false,EUR,2025-11-14T14:07:18.709Z
Bladestitched Skaab,INR,Innistrad Remastered,231,normal,uncommon,1,102724,af14d311-0fd5-4979-bc46-1421472c3b0a,0.15,false,false,false,near_mint,en,false,EUR,2025-11-14T14:07:18.709Z
"Caradora, Heart of Alacria",DFT,Aetherdrift,195,normal,rare,1,102918,1256d22d-a2a9-41fb-b669-0661ba230bc7,0.18,false,false,false,near_mint,en,false,EUR,2025-11-14T14:07:18.709Z
Ondu Knotmaster // Throw a Line,MH3,Modern Horizons 3,196,normal,uncommon,1,94382,27912e61-97ef-406b-bb88-4fe89a54726e,0.02,false,false,false,near_mint,en,false,EUR,2025-11-14T14:07:18.709Z
Spoils of Adventure,ZNR,Zendikar Rising,237,normal,uncommon,1,54664,9b3b1ef0-a653-4adb-8112-82d4822446b4,0.13,false,false,false,near_mint,en,false,EUR,2025-11-14T14:07:18.709Z
Sneaky Snacker,MH3,Modern Horizons 3,205,normal,common,1,94837,0e3aedae-e4bb-48e3-9f8b-bea0430df306,0.3,false,false,false,near_mint,en,false,EUR,2025-11-14T14:07:18.709Z
Brine Comber // Brinebound Gift,VOW,Innistrad: Crimson Vow,233,normal,uncommon,1,64308,8d233bc5-8a08-4d38-abd4-21a112141afd,0.12,false,false,false,near_mint,en,false,EUR,2025-11-14T14:07:18.709Z
Duergar Hedge-Mage,MOC,March of the Machine Commander,324,normal,uncommon,1,81849,a55e7048-4532-443b-9480-a139069ecf0a,0.24,false,false,false,near_mint,en,false,EUR,2025-11-14T14:07:18.709Z
Markov Purifier,VOW,Innistrad: Crimson Vow,312,normal,uncommon,1,64212,533673f3-5e18-4630-bd71-001774d698a8,0.06,false,false,false,near_mint,en,false,EUR,2025-11-14T14:07:18.709Z
Gladiolus Amicitia,FIN,Final Fantasy,224,normal,uncommon,1,105177,442957fc-045d-4db6-b82a-445f172d23e4,0.14,false,false,false,near_mint,en,false,EUR,2025-11-14T14:07:18.709Z
"Exdeath, Void Warlock // Neo Exdeath, Dimension's End",FIN,Final Fantasy,220,normal,uncommon,1,106520,1b4bab87-4000-461d-8b58-d34928fee305,0.08,false,false,false,near_mint,en,false,EUR,2025-11-14T14:07:18.709Z
"Omega, Heartless Evolution",FIN,Final Fantasy,236,normal,uncommon,1,106604,9a8eb7e6-0c0b-42d0-aa90-2d3d29bc15aa,0.14,false,false,false,near_mint,en,false,EUR,2025-11-14T14:07:18.709Z
"Shantotto, Tactician Magician",FIN,Final Fantasy,241,normal,uncommon,1,105752,eff984b2-6ea9-4471-91c5-99c47f87f10b,0.09,false,false,false,near_mint,en,false,EUR,2025-11-14T14:07:18.709Z
New Way Forward,TDM,Tarkir: Dragonstorm,211,normal,rare,1,104996,d9d48f9e-79f0-478c-9db0-ff7ac4a8f401,0.13,false,false,false,near_mint,en,false,EUR,2025-11-14T14:07:18.709Z
Stalwart Successor,TDM,Tarkir: Dragonstorm,227,normal,uncommon,1,104288,4a7b206f-8190-46e6-bb9e-44763d3eb4ac,0.2,false,false,false,near_mint,en,false,EUR,2025-11-14T14:07:18.709Z
Frostburn Weird,CLU,Ravnica: Clue Edition,193,normal,common,1,90779,32b03336-76f2-4086-b737-7cd6e30014e6,0.05,false,false,false,near_mint,en,false,EUR,2025-11-14T14:07:18.709Z
"Naomi, Pillar of Order",NEO,Kamigawa: Neon Dynasty,229,normal,uncommon,1,66357,4400fd66-1a24-47fb-bc94-37e0aae0e610,0.05,false,false,false,near_mint,en,false,EUR,2025-11-14T14:07:18.709Z
Mammoth Bellow,TDM,Tarkir: Dragonstorm,205,normal,uncommon,1,104599,468b17b4-79ce-4dfa-8873-a9cfc347e38f,0.05,false,false,false,near_mint,en,false,EUR,2025-11-14T14:07:18.709Z
"Lagorin, Soul of Alacria",DFT,Aetherdrift,211,normal,uncommon,1,103124,7b04e3f4-103b-4845-b3f0-5417971c7666,0.18,false,false,false,near_mint,en,false,EUR,2025-11-14T14:07:18.709Z
Zoyowa Lava-Tongue,LCI,The Lost Caverns of Ixalan,245,normal,uncommon,1,88865,c06f0ff2-d42f-4854-bbe5-4b022fb26d7d,0.08,false,false,false,near_mint,en,false,EUR,2025-11-14T14:07:18.709Z
Guidelight Pathmaker,DFT,Aetherdrift,206,normal,uncommon,1,103228,b2e00cd7-925e-4bab-b064-c96aa2935f8c,0.15,false,false,false,near_mint,en,false,EUR,2025-11-14T14:07:18.709Z
Haunted Hellride,DFT,Aetherdrift,208,normal,uncommon,1,103316,e2ce0d37-d5d7-49dd-885e-9998bb8abede,0.06,false,false,false,near_mint,en,false,EUR,2025-11-14T14:07:18.709Z
Gloomshrieker,NEO,Kamigawa: Neon Dynasty,219,normal,uncommon,1,66424,a2b50751-7f65-4321-86da-eef735bf8b67,0.19,false,false,false,near_mint,en,false,EUR,2025-11-14T14:07:18.709Z
Sluiceway Scorpion,RTR,Return to Ravnica,198,normal,common,1,17224,7b6dbadf-a6f7-4876-9c3f-44e4a33b2bee,0.05,false,false,false,near_mint,en,false,EUR,2025-11-14T14:07:18.709Z
Golgari Longlegs,RTR,Return to Ravnica,216,normal,common,1,17206,d44058ba-3419-4777-8d59-05dea5e864e1,0.03,false,false,false,near_mint,en,false,EUR,2025-11-14T14:07:18.709Z
Hussar Patrol,DDN,Duel Decks: Speed vs. Cunning,55,normal,common,1,13475,faaf07b2-57b0-4437-a8d7-51ff8894a7db,0.14,false,false,false,near_mint,en,false,EUR,2025-11-14T14:07:18.709Z
Monastery Messenger,TDM,Tarkir: Dragonstorm,208,normal,common,1,104443,0c9eeced-6464-41f0-bbea-05b3af4cc005,0.02,false,false,false,near_mint,en,false,EUR,2025-11-14T14:07:18.709Z
Moldervine Reclamation,BLC,Bloomburrow Commander,255,normal,uncommon,1,96417,ab923455-5d5d-495e-ac93-ae0f01e0605e,0.36,false,false,false,near_mint,en,false,EUR,2025-11-14T14:07:18.709Z
Kheru Goldkeeper,TDM,Tarkir: Dragonstorm,199,normal,uncommon,1,104798,8d11183a-57f5-4ddb-8a6e-15fff704b114,0.19,false,false,false,near_mint,en,false,EUR,2025-11-14T14:07:18.709Z
Host of the Hereafter,TDM,Tarkir: Dragonstorm,193,normal,uncommon,1,104448,0f182957-8133-45a7-80a3-1944bead4d43,0.21,false,false,false,near_mint,en,false,EUR,2025-11-14T14:07:18.709Z
Armament Dragon,TDM,Tarkir: Dragonstorm,168,normal,uncommon,1,104469,17f61c01-0a41-4fa1-ac34-ffa83baad989,0.06,false,false,false,near_mint,en,false,EUR,2025-11-14T14:07:18.709Z
Risen Sanctuary,RTR,Return to Ravnica,190,normal,uncommon,1,17232,a0b6c136-2bbe-48c1-ac53-2a8221b96936,0.09,false,false,false,near_mint,en,false,EUR,2025-11-14T14:07:18.709Z
Common Bond,RTR,Return to Ravnica,151,normal,common,1,17271,59965953-1522-4103-9a6c-5534205d34d9,0.05,false,false,false,near_mint,en,false,EUR,2025-11-14T14:07:18.709Z
Skull Rend,RTR,Return to Ravnica,195,normal,common,1,17227,1c8efb23-bac0-41d2-b4ee-27a6b1fe3134,0.12,false,false,false,near_mint,en,false,EUR,2025-11-14T14:07:18.709Z
Rites of Reaping,RTR,Return to Ravnica,191,normal,uncommon,1,17231,115d504f-3aec-4374-8cd8-732d56c448f2,0.04,false,false,false,near_mint,en,false,EUR,2025-11-14T14:07:18.709Z
Lyev Skyknight,2X2,Double Masters 2022,246,normal,common,1,70132,2f3e1033-428a-4263-8813-fdb8bb4b6425,0.07,false,false,false,near_mint,en,false,EUR,2025-11-14T14:07:18.709Z
Cephalopod Sentry,ONE,Phyrexia: All Will Be One,198,normal,uncommon,1,78482,30c22eb9-5056-4c0b-a5d8-41e09161eb40,0.12,false,false,false,near_mint,en,false,EUR,2025-11-14T14:07:18.709Z
Midnight Mayhem,DSK,Duskmourn: House of Horror,222,normal,uncommon,1,98822,4fc0b94f-08b3-4fb6-9b09-2f3a215203ca,0.08,false,false,false,near_mint,en,false,EUR,2025-11-14T14:07:18.709Z
Essence Backlash,RTR,Return to Ravnica,160,normal,common,1,17262,a98609dc-ea90-4c7e-a191-5e5d0ba16847,0.18,false,false,false,near_mint,en,false,EUR,2025-11-14T14:07:18.709Z
Enthusiastic Mechanaut,EOC,Edge of Eternities Commander,114,normal,uncommon,1,107357,fbfcbfed-74c7-4b1e-897c-44f25e45a4a5,0.2,false,false,false,near_mint,en,false,EUR,2025-11-14T14:07:18.709Z
Teleportal,MM3,Modern Masters 2017,193,normal,uncommon,1,6020,b8322a64-f1a0-49c6-ad59-2b803598f7d1,0.15,false,false,false,near_mint,en,false,EUR,2025-11-14T14:07:18.709Z
Temur Tawnyback,TDM,Tarkir: Dragonstorm,229,normal,common,1,104566,3cdb383f-bc04-46d1-aa3a-7459d57f1fec,0.02,false,false,false,near_mint,en,false,EUR,2025-11-14T14:07:18.709Z
"Alpharael, Dreaming Acolyte",EOE,Edge of Eternities,212,normal,uncommon,1,106884,349a2211-2b23-418d-a1ef-1c72ad2e171d,0.06,false,false,false,near_mint,en,false,EUR,2025-11-14T14:07:18.709Z
Biomechan Engineer,EOE,Edge of Eternities,213,normal,uncommon,1,107468,7edcef2c-029c-46bd-bfeb-ff56a57dd63a,0.12,false,false,false,near_mint,en,false,EUR,2025-11-14T14:07:18.709Z
Rite of the Moth,DSK,Duskmourn: House of Horror,229,normal,uncommon,1,98770,0e79123f-accd-4193-8c72-b750e0d6f3fa,0.06,false,false,false,near_mint,en,false,EUR,2025-11-14T14:07:18.709Z
"Alania, Divergent Storm",BLB,Bloomburrow,204,normal,rare,1,95776,436d6a84-4cea-4ca7-94aa-9d08280652af,0.19,false,false,false,near_mint,en,false,EUR,2025-11-14T14:07:18.709Z
Charforger,ONE,Phyrexia: All Will Be One,199,normal,uncommon,1,78525,45db6b46-c4b4-4684-8a49-53a64ffc82f2,0.09,false,false,false,near_mint,en,false,EUR,2025-11-14T14:07:18.709Z
Kishla Skimmer,TDM,Tarkir: Dragonstorm,201,normal,uncommon,3,104899,b5f1acb0-d73e-4814-8158-3645daf5c4cc,0.15,false,false,false,near_mint,en,false,EUR,2025-11-14T14:07:18.709Z
"Muerra, Trash Tactician",BLB,Bloomburrow,227,normal,rare,2,95821,b40e4658-fd68-46d0-9a89-25570a023d19,0.21,false,false,false,near_mint,en,false,EUR,2025-11-14T14:07:18.709Z
"Giott, King of the Dwarves",FIN,Final Fantasy,223,normal,uncommon,3,106565,6a7784de-a10d-4ce6-98a5-aaf3e85773b6,0.1,false,false,false,near_mint,en,false,EUR,2025-11-14T14:07:18.709Z
Reputable Merchant,TDM,Tarkir: Dragonstorm,217,normal,common,3,105157,b7d0591e-7fb7-40ea-ba2a-cfe544d40216,0.03,false,false,false,near_mint,en,false,EUR,2025-11-14T14:07:18.709Z
Cori Mountain Stalwart,TDM,Tarkir: Dragonstorm,175,normal,uncommon,3,104902,b6cbf54e-f30e-4e7b-b17c-217fa424971c,0.08,false,false,false,near_mint,en,false,EUR,2025-11-14T14:07:18.709Z
"Zidane, Tantalus Thief",FIN,Final Fantasy,251,normal,uncommon,2,106213,e42c7d9d-8685-415b-8c5d-6ab2165863b9,0.09,false,false,false,near_mint,en,false,EUR,2025-11-14T14:07:18.709Z
Sonic Shrieker,TDM,Tarkir: Dragonstorm,226,normal,uncommon,2,104757,7c231437-8bec-42e0-9175-af74c752b119,0.05,false,false,false,near_mint,en,false,EUR,2025-11-14T14:07:18.709Z
Judge Magister Gabranth,FIN,Final Fantasy,230,normal,uncommon,2,106688,f9e64cb6-48f7-41d3-99e7-4b0bc3b33fd7,0.1,false,false,false,near_mint,en,false,EUR,2025-11-14T14:07:18.709Z
"Ragost, Deft Gastronaut",EOE,Edge of Eternities,224,normal,rare,2,106939,011374c3-f69d-4573-8c32-5bd0fe083d6a,0.22,false,false,false,near_mint,en,false,EUR,2025-11-14T14:07:18.709Z
Seedship Broodtender,EOE,Edge of Eternities,227,normal,uncommon,2,107379,1abc176f-2ccf-4371-b4b5-030dd99ff7fc,0.14,false,false,false,near_mint,en,false,EUR,2025-11-14T14:07:18.709Z
"Ultimecia, Time Sorceress // Ultimecia, Omnipotent",FIN,Final Fantasy,247,normal,uncommon,5,105581,2d6a2b68-5407-464e-a335-7866fd969c30,0.09,false,false,false,near_mint,en,false,EUR,2025-11-14T14:07:18.709Z
Wildfire Wickerfolk,DSK,Duskmourn: House of Horror,239,normal,uncommon,2,98854,7c7fbc6e-09c6-4f0e-92e2-766aae950b3d,0.11,false,false,false,near_mint,en,false,EUR,2025-11-14T14:07:18.709Z
Baseball Bat,DSK,Duskmourn: House of Horror,209,normal,uncommon,2,98816,438accb1-6d2c-4710-adeb-df4301a7b8f1,0.1,false,false,false,near_mint,en,false,EUR,2025-11-14T14:07:18.709Z
Tempest Angler,BLB,Bloomburrow,235,normal,common,3,95803,850daae4-f0b7-4604-95e7-ad044ec165c3,0.08,false,false,false,near_mint,en,false,EUR,2025-11-14T14:07:18.709Z
Intruding Soulrager,DSK,Duskmourn: House of Horror,218,normal,uncommon,3,98898,adffc298-0219-4807-ab05-d94460e767bc,0.12,false,false,false,near_mint,en,false,EUR,2025-11-14T14:07:18.709Z
"Sami, Ship's Engineer",EOE,Edge of Eternities,225,normal,uncommon,2,106764,75c38cc9-07de-46d4-8195-f04b2b7e0fee,0.06,false,false,false,near_mint,en,false,EUR,2025-11-14T14:07:18.709Z
Gurmag Nightwatch,TDM,Tarkir: Dragonstorm,190,normal,common,2,104369,de731430-6bbf-4782-953e-b69c46353959,0.05,false,false,false,near_mint,en,false,EUR,2025-11-14T14:07:18.709Z
Jeskai Shrinekeeper,TDM,Tarkir: Dragonstorm,197,normal,uncommon,2,104722,6ec8fa0b-c695-4326-aebd-042cb1974925,0.1,false,false,false,near_mint,en,false,EUR,2025-11-14T14:07:18.709Z
"Camellia, the Seedmiser",BLB,Bloomburrow,207,normal,rare,2,95759,2c16eaec-924c-42f6-9fea-07edd7ed93b9,0.9,false,false,false,near_mint,en,false,EUR,2025-11-14T14:07:18.709Z
Cindering Cutthroat,BLB,Bloomburrow,208,normal,common,2,95820,b2ea10dd-21ea-4622-be27-79d03a802b85,0.15,false,false,false,near_mint,en,false,EUR,2025-11-14T14:07:18.709Z
Seedpod Squire,BLB,Bloomburrow,232,normal,common,2,95852,f3684577-51ce-490e-9b59-b19c733be466,0.02,false,false,false,near_mint,en,false,EUR,2025-11-14T14:07:18.709Z
"Nashi, Searcher in the Dark",DSK,Duskmourn: House of Horror,223,normal,rare,2,98775,0fbf9e1e-43f2-499e-844d-22fc10dbad06,0.19,false,false,false,near_mint,en,false,EUR,2025-11-14T14:07:18.709Z
Rakshasa's Bargain,TDM,Tarkir: Dragonstorm,214,normal,uncommon,2,104299,5c409f4f-3b2c-4c33-b850-55b2a46f51ca,0.53,false,false,false,near_mint,en,false,EUR,2025-11-14T14:07:18.709Z
Locke Cole,FIN,Final Fantasy,234,normal,uncommon,3,106552,572feb8c-6976-40a8-8a34-b4db836cca56,0.1,false,false,false,near_mint,en,false,EUR,2025-11-14T14:07:18.709Z
Dragonclaw Strike,TDM,Tarkir: Dragonstorm,180,normal,uncommon,2,105161,bc7692ef-7091-4365-85a8-1edbd374f279,0.1,false,false,false,near_mint,en,false,EUR,2025-11-14T14:07:18.709Z
"Rydia, Summoner of Mist",FIN,Final Fantasy,239,normal,uncommon,2,106724,99450143-6ab5-463d-9e04-e8e6703a8b92,0.19,false,false,false,near_mint,en,false,EUR,2025-11-14T14:07:18.709Z
Myr Battlesphere,TDC,Tarkir: Dragonstorm Commander,322,normal,rare,1,104730,71e7ef4a-2032-4571-afc6-5207d4b40c3d,0.16,false,false,false,near_mint,en,false,EUR,2025-11-14T14:07:18.709Z
The Masamune,FIN,Final Fantasy,264,normal,rare,1,106694,fc408575-8ef7-4043-b6b7-b38cef7c97d1,0.62,false,false,false,near_mint,en,false,EUR,2025-11-14T14:07:18.709Z
Solar Array,EOC,Edge of Eternities Commander,18,normal,rare,1,107223,03c45b66-ddc7-43f8-95d0-fe2ad743b3a4,0.64,false,false,false,near_mint,en,false,EUR,2025-11-14T14:07:18.709Z
The Regalia,FIN,Final Fantasy,267,normal,rare,1,106665,dc420e79-c483-474f-97cd-e9c6a636c306,0.68,false,false,false,near_mint,en,false,EUR,2025-11-14T14:07:18.709Z
Throne of the Grim Captain // The Grim Captain,LCI,The Lost Caverns of Ixalan,266,normal,rare,1,88867,c13e8e3d-2a6b-4782-a3c9-71af7336a881,0.12,false,false,false,near_mint,en,false,EUR,2025-11-14T14:07:18.709Z
Boulderborn Dragon,TDM,Tarkir: Dragonstorm,239,normal,common,1,104292,50c6e815-bfe7-4599-9227-d36504a3640f,0.04,false,false,false,near_mint,en,false,EUR,2025-11-14T14:07:18.709Z
Temur Monument,TDM,Tarkir: Dragonstorm,248,normal,uncommon,1,104295,55e97b40-d898-4da5-8159-cca48eb298eb,0.08,false,false,false,near_mint,en,false,EUR,2025-11-14T14:07:18.709Z
Relentless X-ATM092,FIN,Final Fantasy,268,normal,uncommon,1,106671,e09ee4c9-85ef-4d1e-864b-d659b8e8f51d,0.08,false,false,false,near_mint,en,false,EUR,2025-11-14T14:07:18.709Z
Malevolent Chandelier,DSK,Duskmourn: House of Horror,252,normal,common,1,99015,ef09d296-4493-47f7-ad76-ad76c747df78,0.06,false,false,false,near_mint,en,false,EUR,2025-11-14T14:07:18.709Z
Titan Hunter,C20,Commander 2020,48,normal,rare,1,50370,eb564473-7416-4cf7-971a-e6dc5eb10445,0.2,false,false,false,near_mint,en,false,EUR,2025-11-14T14:07:18.709Z
Blood Servitor,VOW,Innistrad: Crimson Vow,252,normal,common,1,64298,87845cc2-bf5d-491d-bfa2-b33b034557a4,0.03,false,false,false,near_mint,en,false,EUR,2025-11-14T14:07:18.709Z
Walking Sarcophagus,DFT,Aetherdrift,246,normal,common,1,103562,89ccbd73-9414-48a3-bdcf-e838fcffc08f,0.06,false,false,false,near_mint,en,false,EUR,2025-11-14T14:07:18.709Z
Bear Trap,DSK,Duskmourn: House of Horror,243,normal,common,1,98931,e27c27d6-dc3a-4420-bb35-d97dc216e002,0.05,false,false,false,near_mint,en,false,EUR,2025-11-14T14:07:18.709Z
Brute Suit,NEO,Kamigawa: Neon Dynasty,241,normal,common,1,66866,363cb43a-e358-4380-a42f-9b095ca522c6,0.05,false,false,false,near_mint,en,false,EUR,2025-11-14T14:07:18.709Z
Sultai Monument,TDM,Tarkir: Dragonstorm,247,normal,uncommon,1,104279,45308e0e-b515-49ac-9960-a24e898dd321,0.06,false,false,false,near_mint,en,false,EUR,2025-11-14T14:07:18.709Z
Automated Artificer,NEO,Kamigawa: Neon Dynasty,239,normal,common,1,66905,b8c30ffb-b4f5-40b0-87b8-800a42bded2b,0.05,false,false,false,near_mint,en,false,EUR,2025-11-14T14:07:18.709Z
Swashbuckler's Whip,LCI,The Lost Caverns of Ixalan,263,normal,uncommon,1,88349,24a85c52-e5b5-4d65-931c-eacc0cf0fb31,0.04,false,false,false,near_mint,en,false,EUR,2025-11-14T14:07:18.709Z
Ichorplate Golem,ONE,Phyrexia: All Will Be One,230,normal,uncommon,1,78920,e555abb1-ffd4-4143-9be8-ec8a758f5c2a,0.04,false,false,false,near_mint,en,false,EUR,2025-11-14T14:07:18.709Z
Runaway Boulder,LCI,The Lost Caverns of Ixalan,259,normal,common,1,88241,06d47a3b-dc66-48d8-981b-dde0ccc34ad5,0.04,false,false,false,near_mint,en,false,EUR,2025-11-14T14:07:18.709Z
Prophetic Prism,ONE,Phyrexia: All Will Be One,238,normal,common,1,78481,3056ac38-7630-4301-88bb-a012a5b186ed,0.07,false,false,false,near_mint,en,false,EUR,2025-11-14T14:07:18.709Z
Marauder's Axe,M20,Core Set 2020,231,normal,common,1,45229,73ac5204-69ef-491d-9ca8-f522b99f1412,0.02,false,false,false,near_mint,en,false,EUR,2025-11-14T14:07:18.709Z
Tablet of the Guilds,RTR,Return to Ravnica,235,normal,uncommon,1,17187,6b006384-6fb6-4129-b1d2-7674d1141f8f,0.22,false,false,false,near_mint,en,false,EUR,2025-11-14T14:07:18.709Z
Aetherjacket,DFT,Aetherdrift,230,normal,common,1,103424,0a29c8a5-fd98-422c-9518-2db0993495e5,0.11,false,false,false,near_mint,en,false,EUR,2025-11-14T14:07:18.709Z
Scampering Surveyor,LCI,The Lost Caverns of Ixalan,260,normal,uncommon,1,88819,afcb2a90-d4c0-4c83-8ee7-2ac3a23b4402,0.11,false,false,false,near_mint,en,false,EUR,2025-11-14T14:07:18.709Z
Treasure Map // Treasure Cove,LCI,The Lost Caverns of Ixalan,267,normal,rare,1,88787,a924fe1e-a85e-4e14-88d2-ac55130638ab,0.37,false,false,false,near_mint,en,false,EUR,2025-11-14T14:07:18.709Z
Chalice of Life // Chalice of Death,INR,Innistrad Remastered,257,normal,uncommon,1,102816,e432b156-baf0-48a1-b8fb-1aa18bfbf7de,0.21,false,false,false,near_mint,en,false,EUR,2025-11-14T14:07:18.709Z
Jade-Cast Sentinel,TDM,Tarkir: Dragonstorm,243,normal,common,1,104293,516ce5fa-bd00-429b-ba22-b38c7dd9306c,0.04,false,false,false,near_mint,en,false,EUR,2025-11-14T14:07:18.709Z
Epitaph Golem,INR,Innistrad Remastered,262,normal,common,1,102455,202125f5-9182-436f-86df-701cdc7e60ce,0.02,false,false,false,near_mint,en,false,EUR,2025-11-14T14:07:18.709Z
Neglected Heirloom // Ashmouth Blade,INR,Innistrad Remastered,269,normal,uncommon,1,102614,7813cd70-bb60-4953-a35d-9876f5230c42,0.09,false,false,false,near_mint,en,false,EUR,2025-11-14T14:07:18.709Z
Soul Separator,INR,Innistrad Remastered,270,normal,uncommon,1,102801,d9357606-e192-47e8-b9cd-e1a567903754,0.07,false,false,false,near_mint,en,false,EUR,2025-11-14T14:07:18.709Z
Rakdos Keyrune,GK2,RNA Guild Kit,75,normal,uncommon,1,43952,f5647ef4-736e-4861-8718-06c53a2253b3,0.21,false,false,false,near_mint,en,false,EUR,2025-11-14T14:07:18.709Z
Abzan Monument,TDM,Tarkir: Dragonstorm,238,normal,uncommon,1,104363,d2da9024-3b58-4a57-8f7d-4094c193daee,0.09,false,false,false,near_mint,en,false,EUR,2025-11-14T14:07:18.709Z
Nutrient Block,EOE,Edge of Eternities,243,normal,common,1,107114,a26064bb-c568-4ed6-86db-3aab69b050db,0.17,false,false,false,near_mint,en,false,EUR,2025-11-14T14:07:18.709Z
Saw,DSK,Duskmourn: House of Horror,254,normal,uncommon,1,98830,603c3ef4-4ef1-4db8-9ed2-e2b0926269d5,0.11,false,false,false,near_mint,en,false,EUR,2025-11-14T14:07:18.709Z
Found Footage,DSK,Duskmourn: House of Horror,246,normal,common,1,98899,b12eb087-762e-4e7d-a6e0-f48df603b7c7,0.08,false,false,false,near_mint,en,false,EUR,2025-11-14T14:07:18.709Z
Compass Gnome,LCI,The Lost Caverns of Ixalan,250,normal,common,1,88284,10e1030e-2b95-4807-9111-e495a2fc8813,0.11,false,false,false,near_mint,en,false,EUR,2025-11-14T14:07:18.709Z
Cartographer's Companion,LCI,The Lost Caverns of Ixalan,248,normal,common,1,88949,dbd8115e-4cb3-49b6-b74f-8fcfa28c6404,0.04,false,false,false,near_mint,en,false,EUR,2025-11-14T14:07:18.709Z
Chrome Companion,EOE,Edge of Eternities,236,normal,common,1,107088,8ef269a0-1cb9-4901-81e6-43db3ae3756c,0.09,false,false,false,near_mint,en,false,EUR,2025-11-14T14:07:18.709Z
Extinguisher Battleship,EOE,Edge of Eternities,242,normal,rare,1,107022,5541cdd2-84a6-4667-83eb-fffbe5b3cd3d,0.41,false,false,false,near_mint,en,false,EUR,2025-11-14T14:07:18.709Z
Shire Scarecrow,LTR,The Lord of the Rings: Tales of Middle-earth,249,normal,common,1,83421,b60b4f2e-ff47-4762-a803-30e81b665c09,0.02,false,false,false,near_mint,en,false,EUR,2025-11-14T14:07:18.709Z
Hangarback Walker,EOC,Edge of Eternities Commander,139,normal,rare,1,107328,c6c7f310-df4d-45ba-bee9-c508c4e734b9,0.54,false,false,false,near_mint,en,false,EUR,2025-11-14T14:07:18.709Z
Warped Tusker,MH3,Modern Horizons 3,16,normal,common,1,94845,2b5f3a1a-8514-4598-be3d-c3be719f6951,0.08,false,false,false,near_mint,en,false,EUR,2025-11-14T14:07:18.709Z
Honored Heirloom,VOW,Innistrad: Crimson Vow,257,normal,common,1,64422,d3390e4d-9137-40ff-b998-bdb19c90b7d5,0.15,false,false,false,near_mint,en,false,EUR,2025-11-14T14:07:18.709Z
Ceremonial Knife,VOW,Innistrad: Crimson Vow,254,normal,common,1,64335,9ccb4b1e-ef8f-4c5f-8b5b-6148455442f7,0.1,false,false,false,near_mint,en,false,EUR,2025-11-14T14:07:18.709Z
Three Tree Mascot,FDN,Foundations,682,normal,common,1,100412,40b8bf3a-1cb5-4ce2-ac25-9410f17130de,0.14,false,false,false,near_mint,en,false,EUR,2025-11-14T14:07:18.709Z
Glimmerlight,DSK,Duskmourn: House of Horror,249,normal,common,1,98777,1071691c-5c65-42d4-ac96-d302185ca678,0.11,false,false,false,near_mint,en,false,EUR,2025-11-14T14:07:18.709Z
Wayfarer's Bauble,TDC,Tarkir: Dragonstorm Commander,335,normal,common,1,104879,ac1960a1-9141-468c-b96c-6c8e6905084d,0.21,false,false,false,near_mint,en,false,EUR,2025-11-14T14:07:18.709Z
PuPu UFO,FIN,Final Fantasy,266,normal,uncommon,1,106353,989b52f7-d8a5-4488-9a5d-f14a1d48686d,0.25,false,false,false,near_mint,en,false,EUR,2025-11-14T14:07:18.709Z
World Map,FIN,Final Fantasy,270,normal,common,4,106572,70d9ab99-ec8a-402e-ba1d-ffa6c4c84a3f,0.09,false,false,false,near_mint,en,false,EUR,2025-11-14T14:07:18.709Z
Magic Pot,FIN,Final Fantasy,263,normal,common,3,106553,57d07ca0-5618-4a90-a605-ca14a193ce3b,0.04,false,false,false,near_mint,en,false,EUR,2025-11-14T14:07:18.709Z
Dragonstorm Globe,TDM,Tarkir: Dragonstorm,241,normal,common,2,104767,7f50aa6e-ce6a-4479-9725-202926245f2c,0.1,false,false,false,near_mint,en,false,EUR,2025-11-14T14:07:18.709Z
Lion Heart,FIN,Final Fantasy,261,normal,uncommon,3,106420,04d327a3-1699-4556-b681-a957671ad142,0.1,false,false,false,near_mint,en,false,EUR,2025-11-14T14:07:18.709Z
Lunatic Pandora,FIN,Final Fantasy,262,normal,common,2,106659,d6e1e3e7-20d4-42cb-ad22-60356b9e8fdc,0.05,false,false,false,near_mint,en,false,EUR,2025-11-14T14:07:18.709Z
Instant Ramen,FIN,Final Fantasy,259,normal,common,2,106374,ef7011f4-fc08-4b15-973d-d15357cbe744,0.07,false,false,false,near_mint,en,false,EUR,2025-11-14T14:07:18.709Z
Iron Giant,FIN,Final Fantasy,260,normal,common,3,106675,e48cf6d5-4d32-4b66-80be-3495ecd3e906,0.04,false,false,false,near_mint,en,false,EUR,2025-11-14T14:07:18.709Z
Thaumaton Torpedo,EOE,Edge of Eternities,246,normal,common,2,107695,1817f1b5-960a-435c-bdec-8cc8cbcb3358,0.07,false,false,false,near_mint,en,false,EUR,2025-11-14T14:07:18.709Z
Adventurer's Airship,FIN,Final Fantasy,252,normal,common,2,106504,0a1d6dcd-bd41-4f57-a35b-6613811fe4d4,0.06,false,false,false,near_mint,en,false,EUR,2025-11-14T14:07:18.709Z
Dauntless Scrapbot,EOE,Edge of Eternities,237,normal,uncommon,2,107374,0efe5342-42b7-4f49-b4b4-d77055508c4d,0.18,false,false,false,near_mint,en,false,EUR,2025-11-14T14:07:18.709Z
It of the Horrid Swarm,INR,Innistrad Remastered,6,normal,common,2,101885,ba983caf-72b4-419e-84dc-1ad0215a865c,0.04,false,false,false,near_mint,en,false,EUR,2025-11-14T14:07:18.709Z
Embermouth Sentinel,TDM,Tarkir: Dragonstorm,242,normal,common,3,104606,485f75d5-da5b-4605-885a-561ccd999cc6,0.07,false,false,false,near_mint,en,false,EUR,2025-11-14T14:07:18.709Z
Surgical Skullbomb,ONE,Phyrexia: All Will Be One,243,normal,common,2,78723,98c2b2af-739f-413c-8c36-da6f78df0acb,0.1,false,false,false,near_mint,en,false,EUR,2025-11-14T14:07:18.709Z
Wurmwall Sweeper,EOE,Edge of Eternities,249,normal,common,4,107105,9ace282a-5901-4d36-ad21-17eb88bc5138,0.04,false,false,false,near_mint,en,false,EUR,2025-11-14T14:07:18.709Z
Ring of the Lucii,FIN,Final Fantasy,269,normal,uncommon,2,106576,75761f1e-9449-4c58-8265-8abac71dafc1,0.12,false,false,false,near_mint,en,false,EUR,2025-11-14T14:07:18.709Z
Monk's Fist,FIN,Final Fantasy,265,normal,common,2,106601,995033f0-873d-4e46-b0c9-98ec8ef270ff,0.05,false,false,false,near_mint,en,false,EUR,2025-11-14T14:07:18.709Z
Survey Mechan,EOE,Edge of Eternities,245,normal,uncommon,2,107499,9b4278ea-6cd8-45ad-b024-daf3dedd29e0,0.09,false,false,false,near_mint,en,false,EUR,2025-11-14T14:07:18.709Z
Blitzball,FIN,Final Fantasy,254,normal,common,3,106723,92f4ad73-42bf-45c0-8bb6-0b44043c81ef,0.07,false,false,false,near_mint,en,false,EUR,2025-11-14T14:07:18.709Z
Ninja's Kunai,NEO,Kamigawa: Neon Dynasty,252,normal,common,2,66901,af6ae567-c77a-416a-b609-4df3d0dd2e18,0.04,false,false,false,near_mint,en,false,EUR,2025-11-14T14:07:18.709Z
Elixir,FIN,Final Fantasy,256,normal,uncommon,2,106616,a4b05d37-df62-475c-8371-735ed2fa1b05,0.06,false,false,false,near_mint,en,false,EUR,2025-11-14T14:07:18.709Z
Solemn Simulacrum,TDC,Tarkir: Dragonstorm Commander,325,normal,rare,2,104953,cb1563a1-c8dc-4fcb-b9c8-e7432235d31e,0.23,false,false,false,near_mint,en,false,EUR,2025-11-14T14:07:18.709Z
Watcher of the Wayside,TDM,Tarkir: Dragonstorm,249,normal,common,2,104262,2dcafdac-a293-4adc-a540-3b3f469cf6f3,0.04,false,false,false,near_mint,en,false,EUR,2025-11-14T14:07:18.709Z
Emeria Angel,TDC,Tarkir: Dragonstorm Commander,114,normal,rare,1,104497,2406ab7c-c6be-421a-a92c-048441a01acd,0.35,false,false,false,near_mint,en,false,EUR,2025-11-14T14:07:18.709Z
Release the Dogs,TDC,Tarkir: Dragonstorm Commander,127,normal,uncommon,1,104762,7e1df99a-c139-44c9-8881-077dbfd7332f,0.24,false,false,false,near_mint,en,false,EUR,2025-11-14T14:07:18.709Z
Commander's Insignia,TDC,Tarkir: Dragonstorm Commander,111,normal,rare,1,104789,8a800591-04a9-40d9-acfe-eebc04e8291b,0.26,false,false,false,near_mint,en,false,EUR,2025-11-14T14:07:18.709Z
Twilight Drover,TDC,Tarkir: Dragonstorm Commander,136,normal,rare,1,104604,481b1eb5-9fbb-4e27-8d0a-5ca6c34179b6,0.31,false,false,false,near_mint,en,false,EUR,2025-11-14T14:07:18.709Z
Lingering Souls,TDC,Tarkir: Dragonstorm Commander,123,normal,uncommon,1,104514,2a00c585-5bbc-4622-bf5b-4ec63b669f4c,0.14,false,false,false,near_mint,en,false,EUR,2025-11-14T14:07:18.709Z
Heron of Hope,VOW,Innistrad: Crimson Vow,18,normal,common,1,64485,fa7e6933-5c64-4fcd-bb7f-740767a149cb,0.06,false,false,false,near_mint,en,false,EUR,2025-11-14T14:07:18.709Z
The Seriema,EOE,Edge of Eternities,35,normal,rare,1,106771,dec91ec3-42d3-4922-96f0-dbb50a576084,0.66,false,false,false,near_mint,en,false,EUR,2025-11-14T14:07:18.709Z
Warden of the Inner Sky,LCI,The Lost Caverns of Ixalan,43,normal,rare,1,88503,549fd992-ed37-431d-97cb-9ca017db1d47,0.48,false,false,false,near_mint,en,false,EUR,2025-11-14T14:07:18.709Z
Imperial Subduer,NEO,Kamigawa: Neon Dynasty,310,normal,common,1,66356,41e7420e-55d0-4f4b-84bb-e5b86616cbb3,0.07,false,false,false,near_mint,en,false,EUR,2025-11-14T14:07:18.709Z
Vanishing Verse,OTP,Breaking News,57,normal,rare,1,93440,fc4b1507-7daa-4728-b79e-a9423dae6c57,0.42,false,false,false,near_mint,en,false,EUR,2025-11-14T14:07:18.709Z
Flickerwisp,2X2,Double Masters 2022,11,normal,uncommon,1,70609,f6cccf30-2025-49bb-9b1e-240bbef03f27,0.22,false,false,false,near_mint,en,false,EUR,2025-11-14T14:07:18.709Z
"Ashe, Princess of Dalmasca",FIN,Final Fantasy,7,normal,uncommon,1,106699,ffe0596f-ef99-4862-9386-0fe455259995,0.09,false,false,false,near_mint,en,false,EUR,2025-11-14T14:07:18.709Z
"Minwu, White Mage",FIN,Final Fantasy,26,normal,rare,1,106563,6822144f-f0eb-4e10-a217-52cad36d2973,0.2,false,false,false,near_mint,en,false,EUR,2025-11-14T14:07:18.709Z
Stroke of Midnight,TDC,Tarkir: Dragonstorm Commander,132,normal,uncommon,1,104887,b000f605-177f-459d-a197-fcf54efec2fb,0.33,false,false,false,near_mint,en,false,EUR,2025-11-14T14:07:18.709Z
Harvestrite Host,BLB,Bloomburrow,15,normal,uncommon,1,95915,41762689-0c13-4d45-9d81-ba2afad980f8,0.09,false,false,false,near_mint,en,false,EUR,2025-11-14T14:07:18.709Z
Thistledown Players,BLB,Bloomburrow,35,normal,common,1,95960,afa8d83f-8586-4127-8b55-9715e9547488,0.06,false,false,false,near_mint,en,false,EUR,2025-11-14T14:07:18.709Z
Intrepid Rabbit,BLB,Bloomburrow,17,normal,common,1,96276,4d70b99d-c8bf-4a56-8957-cf587fe60b81,0.09,false,false,false,near_mint,en,false,EUR,2025-11-14T14:07:18.709Z
Gaelicat,FIN,Final Fantasy,22,normal,common,1,106528,29606c49-e1a4-49c3-883b-9122c08bbbc7,0.03,false,false,false,near_mint,en,false,EUR,2025-11-14T14:07:18.709Z
Phoenix Down,FIN,Final Fantasy,29,normal,uncommon,1,105961,62e299b0-9ef6-49d3-aa79-384325fed89e,0.09,false,false,false,near_mint,en,false,EUR,2025-11-14T14:07:18.709Z
Adelbert Steiner,FIN,Final Fantasy,3,normal,uncommon,2,106424,1a67a991-1e52-4676-a2e3-2bc7aa943ab3,0.11,false,false,false,near_mint,en,false,EUR,2025-11-14T14:07:18.709Z
Delivery Moogle,FIN,Final Fantasy,15,normal,uncommon,1,106684,f58840dc-c641-4092-8b67-9c0d449af715,0.08,false,false,false,near_mint,en,false,EUR,2025-11-14T14:07:18.709Z
Kederekt Creeper,ALA,Shards of Alara,176,normal,common,1,23923,701498e5-1d4d-42f4-9dd0-5d4cf78f0e68,0.09,false,false,false,near_mint,en,false,EUR,2025-11-14T14:07:18.709Z
Snow Villiers,FIN,Final Fantasy,33,normal,uncommon,1,106537,399bb699-e61d-4b41-b6e9-e594cbad6194,0.09,false,false,false,near_mint,en,false,EUR,2025-11-14T14:07:18.709Z
Hecteyes,FIN,Final Fantasy,103,normal,common,3,106585,8680d052-c07b-4d9b-bda9-b5f69f44f424,0.07,false,false,false,near_mint,en,false,EUR,2025-11-14T14:07:18.709Z
Battle Menu,FIN,Final Fantasy,9,normal,uncommon,1,106523,240e1466-bd02-423d-b829-234dcd2bfab2,0.11,false,false,false,near_mint,en,false,EUR,2025-11-14T14:07:18.709Z
Glimmer Seeker,DSK,Duskmourn: House of Horror,14,normal,uncommon,1,98646,7f06bbb1-0c7d-4803-9b35-8a2206803eed,0.06,false,false,false,near_mint,en,false,EUR,2025-11-14T14:07:18.709Z
Nomad Decoy,DMR,Dominaria Remastered,17,normal,common,1,78147,da039589-f3ee-4aff-b8b0-e5fda13ebe97,0.04,false,false,false,near_mint,en,false,EUR,2025-11-14T14:07:18.709Z
Shepherding Spirits,DSK,Duskmourn: House of Horror,31,normal,common,1,98720,86c02ab1-0fb2-4cb0-a871-bfad406726fc,0.03,false,false,false,near_mint,en,false,EUR,2025-11-14T14:07:18.709Z
Pacifism,DMR,Dominaria Remastered,19,normal,common,1,77906,5242a576-4d35-4f29-8d40-9a7179e51d0c,0.07,false,false,false,near_mint,en,false,EUR,2025-11-14T14:07:18.709Z
Icatian Javelineers,DMR,Dominaria Remastered,9,normal,common,1,78051,9ccce13a-77e6-4c74-9acc-d5e7c271872a,0.08,false,false,false,near_mint,en,false,EUR,2025-11-14T14:07:18.709Z
Spirited Companion,BLC,Bloomburrow Commander,155,normal,common,1,96423,ada3dc9c-2f83-4f52-8776-ef23d45cc4eb,0.26,false,false,false,near_mint,en,false,EUR,2025-11-14T14:07:18.709Z
Squad Captain,CMR,Commander Legends,51,normal,common,1,56023,24c98bc7-f6a9-4aaf-a6dc-7067c3d8a41a,0.02,false,false,false,near_mint,en,false,EUR,2025-11-14T14:07:18.709Z
Auramancer,DSC,Duskmourn: House of Horror Commander,97,normal,common,1,99355,d0957032-6d98-4cac-889b-890e9bfe1f86,0.11,false,false,false,near_mint,en,false,EUR,2025-11-14T14:07:18.709Z
Concordia Pegasus,RTR,Return to Ravnica,8,normal,common,1,17414,f0333d0b-ae42-48aa-83d8-a4f2c7483a46,0.04,false,false,false,near_mint,en,false,EUR,2025-11-14T14:07:18.709Z
Yoked Ox,M20,Core Set 2020,41,normal,common,1,45420,a73f186b-c897-4a98-bc25-8e4aa348d8c9,0.02,false,false,false,near_mint,en,false,EUR,2025-11-14T14:07:18.709Z
Soulmender,M20,Core Set 2020,37,normal,common,1,45424,31b83ffd-bd08-48c6-98a3-811abc203f60,0.07,false,false,false,near_mint,en,false,EUR,2025-11-14T14:07:18.709Z
Azorius Arrester,CLU,Ravnica: Clue Edition,54,normal,common,1,91199,c737cd7a-e1ef-4a74-9e85-b56ea06b05d7,0.11,false,false,false,near_mint,en,false,EUR,2025-11-14T14:07:18.709Z
Assault Griffin,GTC,Gatecrash,4,normal,common,1,16820,704286a5-e3a8-4517-85e5-6447c5c2530f,0.06,false,false,false,near_mint,en,false,EUR,2025-11-14T14:07:18.709Z
Swift Justice,DDN,Duel Decks: Speed vs. Cunning,62,normal,common,1,13468,df2cc327-715b-4fb6-8218-9d01711d1022,0.19,false,false,false,near_mint,en,false,EUR,2025-11-14T14:07:18.709Z
Show of Valor,M14,Magic 2014,33,normal,common,1,16018,c07932c2-7b97-4abe-be2b-02fc04de780f,0.03,false,false,false,near_mint,en,false,EUR,2025-11-14T14:07:18.709Z
Capashen Knight,M14,Magic 2014,11,normal,common,1,16040,78802af4-46b5-4bac-8cdf-5b77d0b19895,0.06,false,false,false,near_mint,en,false,EUR,2025-11-14T14:07:18.709Z
Brave the Elements,C14,Commander 2014,66,normal,uncommon,1,12790,4c8ff6cd-e3ac-4024-aacb-86f7e1f43ba0,1.27,false,false,false,near_mint,en,false,EUR,2025-11-14T14:07:18.709Z
Serra Angel,FDN,Foundations,147,normal,uncommon,1,100391,3cee9303-9d65-45a2-93d4-ef4aba59141b,0.09,false,false,false,near_mint,en,false,EUR,2025-11-14T14:07:18.709Z
Righteous Charge,GTC,Gatecrash,23,normal,uncommon,1,16801,f52cb325-4f16-4cf3-9999-feafe0fde8c2,0.1,false,false,false,near_mint,en,false,EUR,2025-11-14T14:07:18.709Z
Pacifism,BBD,Battlebond,101,normal,common,1,1892,73d4f469-ff5c-4122-a254-2a4a2b1b7bf7,0.04,false,false,false,near_mint,en,false,EUR,2025-11-14T14:07:18.709Z
Dragonback Lancer,TDM,Tarkir: Dragonstorm,9,normal,common,1,104235,0200a8c5-3293-48d0-a523-ba148680f588,0.05,false,false,false,near_mint,en,false,EUR,2025-11-14T14:07:18.709Z
Guardian of Pilgrims,INR,Innistrad Remastered,26,normal,common,1,102852,f87b5e18-d1a9-424b-bec5-6a80f7699600,0.04,false,false,false,near_mint,en,false,EUR,2025-11-14T14:07:18.709Z
Twinblade Geist // Twinblade Invocation,INR,Innistrad Remastered,47,normal,uncommon,1,102655,88bc8cdf-adfa-4a11-a8c0-484bc03edc65,0.11,false,false,false,near_mint,en,false,EUR,2025-11-14T14:07:18.709Z
Intercessor's Arrest,NEO,Kamigawa: Neon Dynasty,20,normal,common,1,66832,e83f2148-bb5d-4236-8d12-150deed0577e,0.2,false,false,false,near_mint,en,false,EUR,2025-11-14T14:07:18.709Z
Blade-Blizzard Kitsune,NEO,Kamigawa: Neon Dynasty,5,normal,uncommon,1,66815,d8419d27-8c6e-4f38-98b4-60dd9a910c43,0.07,false,false,false,near_mint,en,false,EUR,2025-11-14T14:07:18.709Z
Avacynian Priest,INR,Innistrad Remastered,12,normal,common,1,102759,c119b314-c563-4b6b-8bac-a680e69c6b37,0.07,false,false,false,near_mint,en,false,EUR,2025-11-14T14:07:18.709Z
Recommission,BRO,The Brothers' War,22,normal,common,1,75358,2a64e330-1257-4ec3-9a75-889cdcac3ade,0.2,false,false,false,near_mint,en,false,EUR,2025-11-14T14:07:18.709Z
Cathar's Call,INR,Innistrad Remastered,16,normal,uncommon,1,102861,ffa1da29-08bd-431c-ae99-525a071dba23,0.04,false,false,false,near_mint,en,false,EUR,2025-11-14T14:07:18.709Z
Wax-Wane Witness,BLB,Bloomburrow,39,normal,common,1,95971,d90ea719-5320-46c6-a347-161853a14776,0.09,false,false,false,near_mint,en,false,EUR,2025-11-14T14:07:18.709Z
Emergency Eject,EOE,Edge of Eternities,14,normal,uncommon,1,107216,fc98b2d4-86fc-4c47-b2a7-1f3c89463607,0.16,false,false,false,near_mint,en,false,EUR,2025-11-14T14:07:18.709Z
Reroute Systems,EOE,Edge of Eternities,31,normal,uncommon,1,107409,3bbdba38-2b99-4226-98e3-6d2580345d6d,0.11,false,false,false,near_mint,en,false,EUR,2025-11-14T14:07:18.709Z
Rayblade Trooper,EOE,Edge of Eternities,30,normal,uncommon,1,107535,c08c7bf9-a2ed-45c6-8b48-15122d9d9e37,0.07,false,false,false,near_mint,en,false,EUR,2025-11-14T14:07:18.709Z
Trapped in the Screen,DSK,Duskmourn: House of Horror,36,normal,common,1,98790,1fe95bfb-8ca7-434f-a2e7-a6b2e699584e,0.1,false,false,false,near_mint,en,false,EUR,2025-11-14T14:07:18.709Z
Possessed Goat,DSK,Duskmourn: House of Horror,25,normal,common,1,99350,cd02b8ff-ff65-4a38-b8fb-f8dd130edbf7,0.05,false,false,false,near_mint,en,false,EUR,2025-11-14T14:07:18.709Z
Banishing Light,EOE,Edge of Eternities,6,normal,common,1,107153,c45f11cd-a0aa-4d14-aa21-57f0969f3e2b,0.06,false,false,false,near_mint,en,false,EUR,2025-11-14T14:07:18.709Z
Flowerfoot Swordmaster,BLB,Bloomburrow,14,normal,uncommon,1,95812,97ff118f-9c3c-43a2-8085-980c7fe7d227,0.21,false,false,false,near_mint,en,false,EUR,2025-11-14T14:07:18.709Z
Dawnstrike Vanguard,EOE,Edge of Eternities,10,normal,uncommon,1,107723,5a041722-9483-469f-9c17-7f0253b0db50,0.1,false,false,false,near_mint,en,false,EUR,2025-11-14T14:07:18.709Z
Starfighter Pilot,EOE,Edge of Eternities,38,normal,common,1,106970,1e571246-aadc-4d1f-a284-9a529e150fe0,0.05,false,false,false,near_mint,en,false,EUR,2025-11-14T14:07:18.709Z
Seized from Slumber,DSK,Duskmourn: House of Horror,28,normal,common,1,99080,24456083-0c76-46c5-9b18-8d468702df69,0.12,false,false,false,near_mint,en,false,EUR,2025-11-14T14:07:18.709Z
Savior of the Small,DSK,Duskmourn: House of Horror,27,normal,uncommon,1,98932,e2ed31ea-c278-4e8c-afa7-6d09af399345,0.05,false,false,false,near_mint,en,false,EUR,2025-11-14T14:07:18.709Z
Jump Scare,DSK,Duskmourn: House of Horror,17,normal,common,1,98993,a2dd8903-31ca-470d-b2ff-280f6d40c794,0.1,false,false,false,near_mint,en,false,EUR,2025-11-14T14:07:18.709Z
Grand Entryway // Elegant Rotunda,DSK,Duskmourn: House of Horror,15,normal,common,1,98938,ef8a8ba7-f955-425d-9a16-816fc48a2a83,0.07,false,false,false,near_mint,en,false,EUR,2025-11-14T14:07:18.709Z
Splitskin Doll,DSK,Duskmourn: House of Horror,33,normal,uncommon,1,98766,0453be94-e59b-48f1-a488-7a9fd96a627e,0.13,false,false,false,near_mint,en,false,EUR,2025-11-14T14:07:18.709Z
Sunstar Expansionist,EOE,Edge of Eternities,41,normal,uncommon,1,107300,93b0e6e5-9fb6-4342-9322-1a4cc09a7a76,0.08,false,false,false,near_mint,en,false,EUR,2025-11-14T14:07:18.709Z
Jarl of the Forsaken,KHM,Kaldheim,100,normal,common,1,57155,f5b12c6c-c3d6-4b8a-bed4-d61f67f565b9,0.03,false,false,false,near_mint,en,false,EUR,2025-11-14T14:07:18.709Z
Incisor Glider,ONE,Phyrexia: All Will Be One,15,normal,common,1,78791,b3cf4c4f-bda6-454c-991d-429c0dca0e85,0.1,false,false,false,near_mint,en,false,EUR,2025-11-14T14:07:18.709Z
Compleat Devotion,ONE,Phyrexia: All Will Be One,7,normal,common,1,78466,2bb29a69-3e42-4268-8026-f01072d7b56c,0.07,false,false,false,near_mint,en,false,EUR,2025-11-14T14:07:18.709Z
Mabel's Mettle,BLB,Bloomburrow,21,normal,uncommon,1,95872,5cfcf83f-089c-4e35-855e-b61b98bb1cd8,0.15,false,false,false,near_mint,en,false,EUR,2025-11-14T14:07:18.709Z
Auxiliary Boosters,EOE,Edge of Eternities,5,normal,common,1,107714,43706295-afd6-442c-8828-8cf978152701,0.03,false,false,false,near_mint,en,false,EUR,2025-11-14T14:07:18.709Z
Cosmium Blast,LCI,The Lost Caverns of Ixalan,7,normal,common,1,88309,193d1eac-ede7-4f75-9c74-05133b215f93,0.04,false,false,false,near_mint,en,false,EUR,2025-11-14T14:07:18.709Z
Spring-Loaded Sawblades // Bladewheel Chariot,LCI,The Lost Caverns of Ixalan,36,normal,uncommon,1,88345,24417388-f2bb-4783-bdce-264774531838,0.11,false,false,false,near_mint,en,false,EUR,2025-11-14T14:07:18.709Z
Light the Way,NEO,Kamigawa: Neon Dynasty,24,normal,common,1,66522,3a2fd960-c4ec-4dfa-a61d-f8577b9d3519,0.02,false,false,false,near_mint,en,false,EUR,2025-11-14T14:07:18.709Z
Imperial Subduer,NEO,Kamigawa: Neon Dynasty,19,normal,common,1,66327,13246172-7554-4edc-b6db-23dc91e4290a,0.08,false,false,false,near_mint,en,false,EUR,2025-11-14T14:07:18.709Z
Befriending the Moths // Imperial Moth,NEO,Kamigawa: Neon Dynasty,4,normal,common,1,66406,8ad44884-ae0d-40ae-87a9-bad043d4e9ad,0.04,false,false,false,near_mint,en,false,EUR,2025-11-14T14:07:18.709Z
Imperial Oath,NEO,Kamigawa: Neon Dynasty,17,normal,common,1,66681,3d6750dd-2303-493b-885d-1bfb5787b16c,0.06,false,false,false,near_mint,en,false,EUR,2025-11-14T14:07:18.709Z
Eiganjo Exemplar,NEO,Kamigawa: Neon Dynasty,10,normal,common,1,66680,3b0a9cc0-bb6d-47f7-b0d5-3956c46a1b3a,0.08,false,false,false,near_mint,en,false,EUR,2025-11-14T14:07:18.709Z
Oltec Cloud Guard,LCI,The Lost Caverns of Ixalan,28,normal,common,1,88224,02d68a38-2e0b-401b-b67d-a55e2af5b18d,0.05,false,false,false,near_mint,en,false,EUR,2025-11-14T14:07:18.709Z
Deconstruction Hammer,LCI,The Lost Caverns of Ixalan,9,normal,common,1,88266,0c7ba382-18c4-4833-b3d2-bd469ae2ad77,0.03,false,false,false,near_mint,en,false,EUR,2025-11-14T14:07:18.709Z
Sunpearl Kirin,TDM,Tarkir: Dragonstorm,29,normal,uncommon,1,104470,18292b9c-0f42-4ce2-8b85-35d06cf45a63,0.22,false,false,false,near_mint,en,false,EUR,2025-11-14T14:07:18.709Z
Charge of the Mites,ONE,Phyrexia: All Will Be One,6,normal,common,1,78520,42060b9d-de58-485e-817a-1e64839943aa,0.14,false,false,false,near_mint,en,false,EUR,2025-11-14T14:07:18.709Z
Infested Fleshcutter,ONE,Phyrexia: All Will Be One,17,normal,uncommon,1,78736,9f03d6bf-cbba-4ad7-8cec-065a47f03dbe,0.17,false,false,false,near_mint,en,false,EUR,2025-11-14T14:07:18.709Z
Plated Onslaught,ONE,Phyrexia: All Will Be One,29,normal,uncommon,1,78527,472a635a-a581-4c00-89d6-464f30887944,0.08,false,false,false,near_mint,en,false,EUR,2025-11-14T14:07:18.709Z
The Fall of Lord Konda // Fragment of Konda,NEO,Kamigawa: Neon Dynasty,12,normal,uncommon,1,66532,4d784409-df6d-45d4-8f8b-6e3fd57a8fde,0.09,false,false,false,near_mint,en,false,EUR,2025-11-14T14:07:18.709Z
Glorifier of Suffering,LCI,The Lost Caverns of Ixalan,15,normal,common,1,88602,7580ad36-7362-4dee-9511-d119173b70e8,0.09,false,false,false,near_mint,en,false,EUR,2025-11-14T14:07:18.709Z
Mandible Justiciar,ONE,Phyrexia: All Will Be One,21,normal,common,1,78546,544a707d-4090-4a74-91aa-60fbd8a4ae96,0.05,false,false,false,near_mint,en,false,EUR,2025-11-14T14:07:18.709Z
Fear of Immobility,DSK,Duskmourn: House of Horror,10,normal,common,1,98651,9220c8fa-6ef7-4bc1-acb9-fc54cc43e498,0.02,false,false,false,near_mint,en,false,EUR,2025-11-14T14:07:18.709Z
Era of Enlightenment // Hand of Enlightenment,NEO,Kamigawa: Neon Dynasty,11,normal,common,1,66390,74f43827-2b9b-4fc9-a6e2-c682dfbf14f7,0.09,false,false,false,near_mint,en,false,EUR,2025-11-14T14:07:18.709Z
Gloryheath Lynx,DFT,Aetherdrift,14,normal,uncommon,1,103332,ea3ac678-8b74-4865-a896-c42692c02341,0.15,false,false,false,near_mint,en,false,EUR,2025-11-14T14:07:18.709Z
Interface Ace,DFT,Aetherdrift,17,normal,common,1,103385,fcfd487a-a9e6-44e3-80af-bc384316106f,0.12,false,false,false,near_mint,en,false,EUR,2025-11-14T14:07:18.709Z
Helping Hand,LCI,The Lost Caverns of Ixalan,17,normal,uncommon,1,88840,b8aa7126-5df3-42dd-b4a3-0d0ea59eeebd,0.24,false,false,false,near_mint,en,false,EUR,2025-11-14T14:07:18.709Z
Brightfield Mustang,DFT,Aetherdrift,5,normal,common,1,103227,b2c7cacc-f15e-46c1-9c25-b567bb3e8680,0.04,false,false,false,near_mint,en,false,EUR,2025-11-14T14:07:18.709Z
Leonin Surveyor,DFT,Aetherdrift,18,normal,common,1,103653,e08e4107-213f-491b-a032-8e3367009ba8,0.05,false,false,false,near_mint,en,false,EUR,2025-11-14T14:07:18.709Z
Spectacular Pileup,DFT,Aetherdrift,29,normal,rare,1,103591,a24a6309-0e69-45f0-a9ff-44d4997e7e4d,0.22,false,false,false,near_mint,en,false,EUR,2025-11-14T14:07:18.709Z
Indoctrination Attendant,ONE,Phyrexia: All Will Be One,16,normal,common,1,78864,d051bfc7-b402-444d-896e-c3a9562cdb0d,0.09,false,false,false,near_mint,en,false,EUR,2025-11-14T14:07:18.709Z
Leonin Lightbringer,ONE,Phyrexia: All Will Be One,20,normal,common,1,78713,96ae13df-670e-49a0-99b0-baf908ac9eb4,0.03,false,false,false,near_mint,en,false,EUR,2025-11-14T14:07:18.709Z
Emerge from the Cocoon,DSK,Duskmourn: House of Horror,5,normal,common,1,98813,3ba16fbf-2d44-4337-87cb-6ff6b84a258a,0.08,false,false,false,near_mint,en,false,EUR,2025-11-14T14:07:18.709Z
Focus Fire,EOE,Edge of Eternities,18,normal,common,1,107515,a9ddfcbc-0f84-4315-aaa3-ca54ff64d7de,0.04,false,false,false,near_mint,en,false,EUR,2025-11-14T14:07:18.709Z
Squire's Lightblade,EOE,Edge of Eternities,36,normal,common,1,107699,2a0accba-85d4-4aa4-a70c-80fcce48c261,0.03,false,false,false,near_mint,en,false,EUR,2025-11-14T14:07:18.709Z
Dual-Sun Adepts,EOE,Edge of Eternities,12,normal,uncommon,1,107771,c7e8c830-77ae-437f-8e28-ce61c5fde6b6,0.06,false,false,false,near_mint,en,false,EUR,2025-11-14T14:07:18.709Z
Rescue Skiff,EOE,Edge of Eternities,32,normal,uncommon,1,107459,6fe86bfb-c67d-4df9-88c9-f083091f4cda,0.08,false,false,false,near_mint,en,false,EUR,2025-11-14T14:07:18.709Z
Makindi Ox,ZNR,Zendikar Rising,25,normal,common,1,54837,fd0d164a-bce2-4474-abe0-b735eb6c9442,0.09,false,false,false,near_mint,en,false,EUR,2025-11-14T14:07:18.709Z
War Priest of Thune,EMA,Eternal Masters,35,normal,uncommon,1,8640,b222a639-dd46-40f9-835d-3c68b74c295e,0.13,false,false,false,near_mint,en,false,EUR,2025-11-14T14:07:18.709Z
Splendor Mare,IKO,Ikoria: Lair of Behemoths,32,normal,uncommon,1,50045,535ccc75-b24e-4071-b6a0-fc5267a454e3,0.13,false,false,false,near_mint,en,false,EUR,2025-11-14T14:07:18.709Z
Felidar Savior,FDN,Foundations,12,normal,common,1,97191,cd092b14-d72f-4de0-8f19-1338661b9e3b,0.09,false,false,false,near_mint,en,false,EUR,2025-11-14T14:07:18.709Z
Hexgold Slith,MH3,Modern Horizons 3,30,normal,common,1,94718,20a85b6d-fb2b-4359-9dd6-081d8722e580,0.04,false,false,false,near_mint,en,false,EUR,2025-11-14T14:07:18.709Z
Supernatural Rescue,VOW,Innistrad: Crimson Vow,37,normal,common,1,64326,960ca69c-916d-4af3-82a4-5f6fb614d6a4,0.02,false,false,false,near_mint,en,false,EUR,2025-11-14T14:07:18.709Z
Vanguard of the Rose,LCI,The Lost Caverns of Ixalan,42,normal,uncommon,1,88222,0200c504-9137-4bc2-9cd4-eaf0643a2855,0.08,false,false,false,near_mint,en,false,EUR,2025-11-14T14:07:18.709Z
Angel of the Ruins,EOC,Edge of Eternities Commander,63,normal,rare,1,107266,4ad8d899-5901-4fc8-b4f0-adcc0d97fc6e,0.16,false,false,false,near_mint,en,false,EUR,2025-11-14T14:07:18.709Z
Unholy Officiant,VOW,Innistrad: Crimson Vow,41,normal,common,1,64303,8a4c04a4-e68b-4d3d-89c8-29cdaaac36b2,0.03,false,false,false,near_mint,en,false,EUR,2025-11-14T14:07:18.709Z
Circle of Confinement,VOW,Innistrad: Crimson Vow,7,normal,uncommon,1,64099,13031fb6-9d5a-4add-9a86-28b2a9373fd2,0.05,false,false,false,near_mint,en,false,EUR,2025-11-14T14:07:18.709Z
Nurturing Presence,VOW,Innistrad: Crimson Vow,26,normal,common,1,64156,35e109ea-8b86-4432-b15e-5a6201caf2aa,0.06,false,false,false,near_mint,en,false,EUR,2025-11-14T14:07:18.709Z
Panicked Bystander // Cackling Culprit,VOW,Innistrad: Crimson Vow,28,normal,uncommon,1,64064,031c5cff-e579-432a-bcee-864b12eb0558,0.07,false,false,false,near_mint,en,false,EUR,2025-11-14T14:07:18.709Z
Angelic Quartermaster,VOW,Innistrad: Crimson Vow,2,normal,uncommon,1,64169,41d81b88-c19b-4148-89ba-ae8fb53843e1,0.07,false,false,false,near_mint,en,false,EUR,2025-11-14T14:07:18.709Z
Gryffwing Cavalry,VOW,Innistrad: Crimson Vow,16,normal,uncommon,1,64273,792d5b41-27f3-455b-890e-a1771944fc7d,0.04,false,false,false,near_mint,en,false,EUR,2025-11-14T14:07:18.709Z
Arm the Cathars,VOW,Innistrad: Crimson Vow,3,normal,uncommon,1,64121,2004a20c-e434-4691-8ef2-740846ce6a51,0.04,false,false,false,near_mint,en,false,EUR,2025-11-14T14:07:18.709Z
Fleeting Spirit,VOW,Innistrad: Crimson Vow,14,normal,uncommon,1,64433,db9d80f7-9742-4437-a9f4-6717a678f935,0.09,false,false,false,near_mint,en,false,EUR,2025-11-14T14:07:18.709Z
Wayspeaker Bodyguard,TDM,Tarkir: Dragonstorm,34,normal,uncommon,1,104676,5e5b2324-69fe-4105-b6f8-14dfbe359d59,0.07,false,false,false,near_mint,en,false,EUR,2025-11-14T14:07:18.709Z
Duty Beyond Death,TDM,Tarkir: Dragonstorm,10,normal,uncommon,1,104265,2e92640d-768b-4357-905f-bea017d351cc,0.18,false,false,false,near_mint,en,false,EUR,2025-11-14T14:07:18.709Z
Static Snare,TDM,Tarkir: Dragonstorm,26,normal,uncommon,1,104478,1ce50932-03a6-48bc-8aee-bc8defd896cf,0.13,false,false,false,near_mint,en,false,EUR,2025-11-14T14:07:18.709Z
Twinmaw Stormbrood // Charring Bite,TDM,Tarkir: Dragonstorm,232,normal,uncommon,1,104513,2999e3b1-6510-42b2-9429-28c07a64a44f,0.09,false,false,false,near_mint,en,false,EUR,2025-11-14T14:07:18.709Z
Stonehorn Chanter,M14,Magic 2014,39,normal,uncommon,1,16012,cd6ec61b-c039-4526-a359-a7947eeba5c3,0.13,false,false,false,near_mint,en,false,EUR,2025-11-14T14:07:18.709Z
Soaring Sandwing,LCI,The Lost Caverns of Ixalan,35,normal,common,1,88987,e7833724-aec6-41a4-a7ea-2aa722467732,0.04,false,false,false,near_mint,en,false,EUR,2025-11-14T14:07:18.709Z
Divine Favor,M15,Magic 2015,10,normal,common,1,13842,43c1ddf8-e38a-44df-9195-40e2b0d4cd5f,0.05,false,false,false,near_mint,en,false,EUR,2025-11-14T14:07:18.709Z
Seller of Songbirds,CLU,Ravnica: Clue Edition,72,normal,common,1,91253,df84d9ce-9ff0-438a-96e1-2aadd60dcaba,0.13,false,false,false,near_mint,en,false,EUR,2025-11-14T14:07:18.709Z
Heron-Blessed Geist,VOW,Innistrad: Crimson Vow,19,normal,common,1,64293,83bacf4a-4e99-4008-97e4-3a82dddd4e45,0.02,false,false,false,near_mint,en,false,EUR,2025-11-14T14:07:18.709Z
Banishing Light,BLB,Bloomburrow,1,normal,common,1,96011,25a06f82-ebdb-4dd6-bfe8-958018ce557c,0.02,false,false,false,near_mint,en,false,EUR,2025-11-14T14:07:18.709Z
Dewdrop Cure,BLB,Bloomburrow,10,normal,uncommon,1,95932,666aefc2-44e0-4c27-88d5-7906f245a71f,0.12,false,false,false,near_mint,en,false,EUR,2025-11-14T14:07:18.709Z
Bound by Moonsilver,INR,Innistrad Remastered,13,normal,common,1,102573,647f5c2f-3ced-4397-a366-6f0e57582566,0.06,false,false,false,near_mint,en,false,EUR,2025-11-14T14:07:18.709Z
"Stiltzkin, Moogle Merchant",FIN,Final Fantasy,34,normal,rare,1,103775,06a972a4-0c1b-4f12-a5a5-fdea47c4cd35,0.24,false,false,false,near_mint,en,false,EUR,2025-11-14T14:07:18.709Z
Summon: Primal Garuda,FIN,Final Fantasy,37,normal,uncommon,1,106370,e44497a8-067e-454e-a9c0-684f03df55ff,0.09,false,false,false,near_mint,en,false,EUR,2025-11-14T14:07:18.709Z
Mouse Trapper,BLB,Bloomburrow,22,normal,uncommon,1,95948,8ba1bc5a-03e7-44ec-893e-44042cbc02ef,0.06,false,false,false,near_mint,en,false,EUR,2025-11-14T14:07:18.709Z
Outlaw Medic,OTJ,Outlaws of Thunder Junction,23,normal,common,1,93107,2feaa51e-47fb-4849-b420-ee7278f3489a,0.09,false,false,false,near_mint,en,false,EUR,2025-11-14T14:07:18.709Z
Beyond the Quiet,EOE,Edge of Eternities,7,normal,rare,1,107547,ce503869-8130-4afe-9691-4e90376b4bc4,0.29,false,false,false,near_mint,en,false,EUR,2025-11-14T14:07:18.709Z
Lunarch Mantle,INR,Innistrad Remastered,31,normal,common,1,102636,8092b454-4c74-439b-9c74-5d90b29c4e9d,0.03,false,false,false,near_mint,en,false,EUR,2025-11-14T14:07:18.709Z
Lunarch Veteran // Luminous Phantom,INR,Innistrad Remastered,32,normal,common,1,102520,438e3302-daf9-436b-8b08-24b3f33295f6,0.15,false,false,false,near_mint,en,false,EUR,2025-11-14T14:07:18.709Z
Dauntless Cathar,INR,Innistrad Remastered,19,normal,common,1,102745,b680d42c-8198-43b0-b934-2add08a02bbc,0.04,false,false,false,near_mint,en,false,EUR,2025-11-14T14:07:18.709Z
Family Reunion,LCI,The Lost Caverns of Ixalan,13,normal,common,1,88527,5c2cfbdc-8d40-4abb-afca-6c6d8e36185b,0.05,false,false,false,near_mint,en,false,EUR,2025-11-14T14:07:18.709Z
Rally the Peasants,INR,Innistrad Remastered,37,normal,uncommon,1,102675,9387f821-10ec-4698-9697-ad37084b4861,0.05,false,false,false,near_mint,en,false,EUR,2025-11-14T14:07:18.709Z
Carrot Cake,BLB,Bloomburrow,7,normal,common,1,95636,eb03bb4f-8b4b-417e-bfc6-294cd2186b2e,0.12,false,false,false,near_mint,en,false,EUR,2025-11-14T14:07:18.709Z
Crystal Fragments // Summon: Alexander,FIN,Final Fantasy,13,normal,uncommon,1,106434,5f51c853-949d-44e9-a3a2-02e1ce69a147,0.08,false,false,false,near_mint,en,false,EUR,2025-11-14T14:07:18.709Z
Weapons Vendor,FIN,Final Fantasy,40,normal,common,1,106651,c9e6b374-3e44-4df7-b0a3-4ef98dc08267,0.04,false,false,false,near_mint,en,false,EUR,2025-11-14T14:07:18.709Z
Goham Djinn,INV,Invasion,107,normal,uncommon,1,33226,d67796c7-4d93-4c50-8839-bb69e075bc42,0.14,false,false,false,near_mint,en,false,EUR,2025-11-14T14:07:18.709Z
"Faramir, Field Commander",LTR,The Lord of the Rings: Tales of Middle-earth,303,normal,uncommon,1,82815,008b953a-da2b-4c30-9424-6d6e3e938251,0.09,false,false,false,near_mint,en,false,EUR,2025-11-14T14:07:18.709Z
Expedition Healer,ZNR,Zendikar Rising,13,normal,common,1,54450,11a00a88-de0e-4012-9ad8-ccb187dff7df,0.06,false,false,false,near_mint,en,false,EUR,2025-11-14T14:07:18.709Z
Fate of the Sun-Cryst,FIN,Final Fantasy,19,normal,common,3,106287,900cdf11-b42e-4dcc-97c3-2e4d8e406a70,0.05,false,false,false,near_mint,en,false,EUR,2025-11-14T14:07:18.709Z
Osseous Exhale,TDM,Tarkir: Dragonstorm,17,normal,common,3,104493,2300da2f-2297-4c2f-90c1-11ce2b42d91f,0.02,false,false,false,near_mint,en,false,EUR,2025-11-14T14:07:18.709Z
Sunspire Griffin,RTR,Return to Ravnica,25,normal,common,2,17397,1388ce6e-8199-46c1-8ee3-71266b0929bf,0.06,false,false,false,near_mint,en,false,EUR,2025-11-14T14:07:18.709Z
Dawnhart Geist,VOW,Innistrad: Crimson Vow,8,normal,uncommon,2,64346,a1d27617-2d3d-44a1-b93f-0694253b6774,0.04,false,false,false,near_mint,en,false,EUR,2025-11-14T14:07:18.709Z
Fear of Surveillance,DSK,Duskmourn: House of Horror,11,normal,common,3,98839,6e98559d-d9fd-4bdf-8df9-389eee756a3a,0.05,false,false,false,near_mint,en,false,EUR,2025-11-14T14:07:18.709Z
Dragoon's Lance,FIN,Final Fantasy,17,normal,uncommon,3,105671,96630531-8eb7-4e3e-8d63-60c562a5571b,0.09,false,false,false,near_mint,en,false,EUR,2025-11-14T14:07:18.709Z
The Crystal's Chosen,FIN,Final Fantasy,14,normal,uncommon,4,105725,d4df4373-0ee6-44e3-81c6-0881c070014c,0.03,false,false,false,near_mint,en,false,EUR,2025-11-14T14:07:18.709Z
Dwarven Castle Guard,FIN,Final Fantasy,18,normal,common,7,106454,e17c0d27-e88d-4ba9-acbb-3f916cee3d7e,0.07,false,false,false,near_mint,en,false,EUR,2025-11-14T14:07:18.709Z
Paladin's Arms,FIN,Final Fantasy,28,normal,common,4,106338,446506c5-5e1d-4b42-aef3-ea247d7881ef,0.03,false,false,false,near_mint,en,false,EUR,2025-11-14T14:07:18.709Z
Salt Road Packbeast,TDM,Tarkir: Dragonstorm,23,normal,common,2,104327,98d548c9-42bc-4155-8211-0aea801c3724,0.15,false,false,false,near_mint,en,false,EUR,2025-11-14T14:07:18.709Z
Brightspear Zealot,EOE,Edge of Eternities,8,normal,common,3,107782,e7f7541a-5910-4f33-8c1d-3507ce3a426e,0.07,false,false,false,near_mint,en,false,EUR,2025-11-14T14:07:18.709Z
Flight-Deck Coordinator,EOE,Edge of Eternities,17,normal,common,2,107743,88cc6328-a035-4f74-b786-390e5c7c324c,0.02,false,false,false,near_mint,en,false,EUR,2025-11-14T14:07:18.709Z
Hardened Escort,DSK,Duskmourn: House of Horror,16,normal,common,3,98779,12054e10-46d6-4581-a7e5-ff277cb0e229,0.05,false,false,false,near_mint,en,false,EUR,2025-11-14T14:07:18.709Z
Aerith Rescue Mission,FIN,Final Fantasy,5,normal,common,4,106532,3123d16c-e1e6-4659-a7a3-2ec6efc6bf08,0.05,false,false,false,near_mint,en,false,EUR,2025-11-14T14:07:18.709Z
Acrobatic Cheerleader,DSK,Duskmourn: House of Horror,1,normal,common,4,98713,6f1a7590-3eee-4803-b192-d4fb771e6a86,0.02,false,false,false,near_mint,en,false,EUR,2025-11-14T14:07:18.709Z
Ambrosia Whiteheart,FIN,Final Fantasy,6,normal,uncommon,3,106459,f2596767-7d19-4110-86ed-3cfc93ac7483,0.14,false,false,false,near_mint,en,false,EUR,2025-11-14T14:07:18.709Z
Riling Dawnbreaker // Signaling Roar,TDM,Tarkir: Dragonstorm,21,normal,common,2,104532,312f7072-3bf8-449f-bfb7-93727ef26c66,0.07,false,false,false,near_mint,en,false,EUR,2025-11-14T14:07:18.709Z
Sidequest: Catch a Fish // Cooking Campsite,FIN,Final Fantasy,31,normal,uncommon,2,103802,bdb5452e-d97f-409b-91d0-2664f39b09b8,0.14,false,false,false,near_mint,en,false,EUR,2025-11-14T14:07:18.709Z
Friendly Ghost,DSK,Duskmourn: House of Horror,12,normal,common,3,98792,20e0dba2-d15c-4d55-9b68-00648175e760,0.06,false,false,false,near_mint,en,false,EUR,2025-11-14T14:07:18.709Z
Descendant of Storms,TDM,Tarkir: Dragonstorm,8,normal,uncommon,2,105056,f632be90-9e7f-41f8-a52e-a2952354d730,0.07,false,false,false,near_mint,en,false,EUR,2025-11-14T14:07:18.709Z
Cloudbound Moogle,FIN,Final Fantasy,11,normal,common,6,106283,7387bca7-f496-45da-a0ac-6be049303a8f,0.02,false,false,false,near_mint,en,false,EUR,2025-11-14T14:07:18.709Z
Magitek Infantry,FIN,Final Fantasy,25,normal,common,2,106635,b64dc6d7-dd01-4e66-9099-4c90865448df,0.04,false,false,false,near_mint,en,false,EUR,2025-11-14T14:07:18.709Z
Optimistic Scavenger,DSK,Duskmourn: House of Horror,21,normal,uncommon,3,98991,9c72fc6f-6a96-420d-812d-b5cf0f57cc7f,0.17,false,false,false,near_mint,en,false,EUR,2025-11-14T14:07:18.709Z
White Auracite,FIN,Final Fantasy,41,normal,common,4,105873,2df6f515-9d21-4769-b1c4-c219611bccbb,0.06,false,false,false,near_mint,en,false,EUR,2025-11-14T14:07:18.709Z
Poised Practitioner,TDM,Tarkir: Dragonstorm,18,normal,common,5,105160,bb25366d-a647-4c5e-bcc7-7e54659aacbd,0.08,false,false,false,near_mint,en,false,EUR,2025-11-14T14:07:18.709Z
Lifecreed Duo,BLB,Bloomburrow,20,normal,common,2,95968,ca543405-5e12-48a0-9a77-082ac9bcb2f2,0.08,false,false,false,near_mint,en,false,EUR,2025-11-14T14:07:18.709Z
G'raha Tia,FIN,Final Fantasy,21,normal,uncommon,4,106501,076a8eca-ed73-4ee9-aab4-d9d43d394ee6,0.06,false,false,false,near_mint,en,false,EUR,2025-11-14T14:07:18.709Z
Rebellious Strike,TDM,Tarkir: Dragonstorm,20,normal,common,4,104949,c9bafe19-3bd6-4da0-b3e5-e0b89262504c,0.09,false,false,false,near_mint,en,false,EUR,2025-11-14T14:07:18.709Z
Dual-Sun Technique,EOE,Edge of Eternities,13,normal,uncommon,3,107583,f8931132-391f-4f16-b480-0a245ab2ec21,0.12,false,false,false,near_mint,en,false,EUR,2025-11-14T14:07:18.709Z
Ethereal Armor,WOC,Wilds of Eldraine Commander,67,normal,common,2,85277,19557197-521d-4900-a260-1a21e49113f5,0.72,false,false,false,near_mint,en,false,EUR,2025-11-14T14:07:18.709Z
Stormplain Detainment,TDM,Tarkir: Dragonstorm,28,normal,common,2,104135,39f3aab5-7b54-4b55-8114-c6f9f79c255d,0.08,false,false,false,near_mint,en,false,EUR,2025-11-14T14:07:18.709Z
Starfield Shepherd,EOE,Edge of Eternities,37,normal,uncommon,2,106954,1226e575-aa78-4c68-be1d-6e5c2dc6315b,0.27,false,false,false,near_mint,en,false,EUR,2025-11-14T14:07:18.709Z
You're Not Alone,FIN,Final Fantasy,44,normal,common,5,106327,1867b5cb-2bb0-4f49-b302-036fdffa2344,0.04,false,false,false,near_mint,en,false,EUR,2025-11-14T14:07:18.709Z
White Mage's Staff,FIN,Final Fantasy,42,normal,common,4,105584,30db372e-0b4c-4e16-9667-bf3fda666f72,0.05,false,false,false,near_mint,en,false,EUR,2025-11-14T14:07:18.709Z
Slash of Light,FIN,Final Fantasy,32,normal,common,5,106662,da6d9529-3cb0-4adc-8209-b9b02db3bf54,0.05,false,false,false,near_mint,en,false,EUR,2025-11-14T14:07:18.709Z
Knight Luminary,EOE,Edge of Eternities,23,normal,common,3,107708,34334971-c1b7-4506-a6dd-77f66b3ae4e7,0.04,false,false,false,near_mint,en,false,EUR,2025-11-14T14:07:18.709Z
Summon: Choco/Mog,FIN,Final Fantasy,35,normal,common,4,106493,00546117-018a-4286-bc20-b5446c5be56f,0.07,false,false,false,near_mint,en,false,EUR,2025-11-14T14:07:18.709Z
Quicksand Whirlpool,LCI,The Lost Caverns of Ixalan,31,normal,common,2,88781,a74ddccb-ebbd-4fad-a9b6-6b9e9bafae31,0.1,false,false,false,near_mint,en,false,EUR,2025-11-14T14:07:18.709Z
Zealous Display,EOE,Edge of Eternities,45,normal,common,3,107787,f5973fd3-d6bc-48f1-8a44-57d2a6dda228,0.04,false,false,false,near_mint,en,false,EUR,2025-11-14T14:07:18.709Z
"Toby, Beastie Befriender",DSK,Duskmourn: House of Horror,356,normal,rare,2,95612,cafe5755-88b0-4fee-8596-4232844f60fc,0.28,false,false,false,near_mint,en,false,EUR,2025-11-14T14:07:18.709Z
Luxknight Breacher,EOE,Edge of Eternities,26,normal,common,4,107537,c1236731-0d33-4705-8077-3cf58acf9a39,0.07,false,false,false,near_mint,en,false,EUR,2025-11-14T14:07:18.709Z
Fortress Kin-Guard,TDM,Tarkir: Dragonstorm,12,normal,common,2,104900,b647a018-1d70-43a1-a265-928bcd863689,0.04,false,false,false,near_mint,en,false,EUR,2025-11-14T14:07:18.709Z
Living Phone,DSK,Duskmourn: House of Horror,20,normal,common,2,99234,8266f93b-f91c-4427-a222-075ceb0be3af,0.05,false,false,false,near_mint,en,false,EUR,2025-11-14T14:07:18.709Z
Exorcise,DSK,Duskmourn: House of Horror,8,normal,uncommon,3,99018,f49006f2-a097-417d-8eb0-b8016ff2e0d5,0.28,false,false,false,near_mint,en,false,EUR,2025-11-14T14:07:18.709Z
Rally the Monastery,TDM,Tarkir: Dragonstorm,19,normal,uncommon,2,104136,b56e0037-8143-4c13-83e1-0c3f44e685ea,0.11,false,false,false,near_mint,en,false,EUR,2025-11-14T14:07:18.709Z
Dockworker Drone,EOE,Edge of Eternities,11,normal,common,2,107784,eeff069f-427b-42ad-afb1-36f0e547fb74,0.09,false,false,false,near_mint,en,false,EUR,2025-11-14T14:07:18.709Z
Weftblade Enhancer,EOE,Edge of Eternities,44,normal,common,3,107745,8d72b00c-5043-4630-949a-fc17eeb962bc,0.02,false,false,false,near_mint,en,false,EUR,2025-11-14T14:07:18.709Z
Coeurl,FIN,Final Fantasy,12,normal,common,5,106284,7604b534-5480-42fa-bc36-bbae730f8582,0.03,false,false,false,near_mint,en,false,EUR,2025-11-14T14:07:18.709Z
Radiant Strike,EOE,Edge of Eternities,29,normal,common,2,107484,8c38e4cb-918b-4493-872b-66c90dcfd339,0.04,false,false,false,near_mint,en,false,EUR,2025-11-14T14:07:18.709Z
Mardu Devotee,TDM,Tarkir: Dragonstorm,16,normal,common,4,104366,da45e9b0-a4f6-413b-9e62-666c511eb5b0,0.05,false,false,false,near_mint,en,false,EUR,2025-11-14T14:07:18.709Z
Unsettling Twins,DSK,Duskmourn: House of Horror,38,normal,common,2,98865,85da2e65-4e22-48b6-98ad-6969684d69e1,0.07,false,false,false,near_mint,en,false,EUR,2025-11-14T14:07:18.709Z
Arashin Sunshield,TDM,Tarkir: Dragonstorm,3,normal,common,3,105168,dd7102d8-90b3-45a1-b66d-dcca469b1fb6,0.05,false,false,false,near_mint,en,false,EUR,2025-11-14T14:07:18.709Z
Master of Diversion,M14,Magic 2014,24,normal,common,4,16027,2bec89b3-640e-4093-a6e9-5639610769b9,0.05,false,false,false,near_mint,en,false,EUR,2025-11-14T14:07:18.709Z
Crumb and Get It,BLB,Bloomburrow,8,normal,common,3,96259,3c7b3b25-d4b3-4451-9f5c-6eb369541175,0.07,false,false,false,near_mint,en,false,EUR,2025-11-14T14:07:18.709Z
Exosuit Savior,EOE,Edge of Eternities,16,normal,common,2,107741,826c0455-a6ce-43ad-bd5c-0a5df169da90,0.05,false,false,false,near_mint,en,false,EUR,2025-11-14T14:07:18.709Z
Ethereal Armor,DSK,Duskmourn: House of Horror,7,normal,uncommon,3,98756,fd0e8a82-0201-483e-a976-5f29764b35a4,0.25,false,false,false,near_mint,en,false,EUR,2025-11-14T14:07:18.709Z
Restoration Magic,FIN,Final Fantasy,30,normal,uncommon,2,106543,494e68e9-ecba-4482-82bc-207ad59144c1,0.6,false,false,false,near_mint,en,false,EUR,2025-11-14T14:07:18.709Z
Oltec Archaeologists,LCI,The Lost Caverns of Ixalan,27,normal,common,2,88508,57c21561-2213-4524-89a6-30a305843e5a,0.04,false,false,false,near_mint,en,false,EUR,2025-11-14T14:07:18.709Z
Lumen-Class Frigate,EOE,Edge of Eternities,25,normal,rare,2,107370,0cc59b5a-65fa-47cc-8ac7-b7c3f533a782,0.22,false,false,false,near_mint,en,false,EUR,2025-11-14T14:07:18.709Z
Kitsune Ace,NEO,Kamigawa: Neon Dynasty,22,normal,common,2,66838,ef1d446a-8607-45b8-a01f-dad17bab76e7,0.11,false,false,false,near_mint,en,false,EUR,2025-11-14T14:07:18.709Z
Coordinated Maneuver,TDM,Tarkir: Dragonstorm,6,normal,common,2,104941,c6569487-53c5-4b91-877d-e4e31bfa90c0,0.04,false,false,false,near_mint,en,false,EUR,2025-11-14T14:07:18.709Z
Bone Devourer,TDC,Tarkir: Dragonstorm Commander,26,normal,rare,1,104669,5acb9bd4-ed86-400e-9f5d-4c26351242f2,0.51,false,false,false,near_mint,en,false,EUR,2025-11-14T14:07:18.709Z
Eliminate the Competition,TDC,Tarkir: Dragonstorm Commander,179,normal,rare,1,105019,e6e54953-0d6d-4f65-85cb-d26e66a76dce,0.14,false,false,false,near_mint,en,false,EUR,2025-11-14T14:07:18.709Z
Chittering Witch,TDC,Tarkir: Dragonstorm Commander,175,normal,rare,1,104763,7e361851-346e-4747-bbce-e2dc19e39b31,0.27,false,false,false,near_mint,en,false,EUR,2025-11-14T14:07:18.709Z
Downwind Ambusher,BLB,Bloomburrow,92,normal,uncommon,1,95920,55cfd628-933a-4d3d-b2e5-70bc86960d1c,0.11,false,false,false,near_mint,en,false,EUR,2025-11-14T14:07:18.709Z
Nezumi Prowler,NEO,Kamigawa: Neon Dynasty,344,normal,uncommon,1,66420,9a64789a-748a-4630-949c-e1b045edd225,0.17,false,false,false,near_mint,en,false,EUR,2025-11-14T14:07:18.709Z
Doomsday Excruciator,DSK,Duskmourn: House of Horror,346,normal,rare,1,95599,50f9cecb-0ff7-4837-a8c5-4af394834e2c,0.52,false,false,false,near_mint,en,false,EUR,2025-11-14T14:07:18.709Z
Mindblade Render,TDC,Tarkir: Dragonstorm Commander,187,normal,rare,1,104509,27e43b25-9a9e-4bfc-9589-77d1f53a3c4b,0.17,false,false,false,near_mint,en,false,EUR,2025-11-14T14:07:18.709Z
Diabolic Servitude,CMA,Commander Anthology,53,normal,uncommon,1,5233,0a616616-8fbb-4e89-ae29-61d31cf49f65,0.13,false,false,false,near_mint,en,false,EUR,2025-11-14T14:07:18.709Z
Mesmeric Fiend,A25,Masters 25,97,normal,uncommon,1,2619,864930ce-7c56-4ad2-9b90-57b10e5a0842,2.3,false,false,false,near_mint,en,false,EUR,2025-11-14T14:07:18.709Z
Psychic Whorl,BLB,Bloomburrow,105,normal,common,1,96127,df900308-8432-4a0a-be21-17482026012b,0.03,false,false,false,near_mint,en,false,EUR,2025-11-14T14:07:18.709Z
Deadly Dispute,TDC,Tarkir: Dragonstorm Commander,177,normal,common,1,104890,b22ef77b-67a3-45d3-9d18-12b7b124cbf4,0.62,false,false,false,near_mint,en,false,EUR,2025-11-14T14:07:18.709Z
Restless Bloodseeker // Bloodsoaked Reveler,VOW,Innistrad: Crimson Vow,295,normal,uncommon,1,64394,c05a85ef-5ac0-4bd1-8ef1-de2ff84e448d,0.05,false,false,false,near_mint,en,false,EUR,2025-11-14T14:07:18.709Z
Bloodsworn Squire // Bloodsworn Knight,VOW,Innistrad: Crimson Vow,97,normal,uncommon,1,64358,a7cbdd54-7685-4921-ab60-dc36e647a4c5,0.06,false,false,false,near_mint,en,false,EUR,2025-11-14T14:07:18.709Z
Tortoise Formation,ALA,Shards of Alara,61,normal,common,1,24038,59ff8324-42b8-4eeb-8d0b-ea679c984933,0.06,false,false,false,near_mint,en,false,EUR,2025-11-14T14:07:18.709Z
Nocturnal Hunger,BLB,Bloomburrow,102,normal,common,1,96060,742c0409-9abd-4559-b52e-932cc90c531a,0.04,false,false,false,near_mint,en,false,EUR,2025-11-14T14:07:18.709Z
Persistent Marshstalker,BLB,Bloomburrow,104,normal,uncommon,1,95947,8b900c71-713b-4b7e-b4be-ad9f4aa0c139,0.14,false,false,false,near_mint,en,false,EUR,2025-11-14T14:07:18.709Z
Adorned Crocodile,TDM,Tarkir: Dragonstorm,69,normal,common,1,105159,bb13a34b-6ac8-47cb-9e91-47106a585fc1,0.04,false,false,false,near_mint,en,false,EUR,2025-11-14T14:07:18.709Z
Mukotai Ambusher,NEO,Kamigawa: Neon Dynasty,112,normal,common,1,66639,0adf3293-c1e0-447c-8231-26fa9476a262,0.1,false,false,false,near_mint,en,false,EUR,2025-11-14T14:07:18.709Z
Gravewaker,M20,Core Set 2020,323,normal,rare,1,45137,4f624f77-032f-4b28-bec2-95d3a3fcb806,0.17,false,false,false,near_mint,en,false,EUR,2025-11-14T14:07:18.709Z
Chittering Skitterling,ONE,Phyrexia: All Will Be One,87,normal,uncommon,1,78901,e0328d43-ae9b-462a-a1e5-8ed408eea1a7,0.02,false,false,false,near_mint,en,false,EUR,2025-11-14T14:07:18.709Z
Biting-Palm Ninja,NEO,Kamigawa: Neon Dynasty,88,normal,rare,1,66344,3017df51-67ae-4c3d-8210-086f83bc2040,0.27,false,false,false,near_mint,en,false,EUR,2025-11-14T14:07:18.709Z
Nezumi Prowler,NEO,Kamigawa: Neon Dynasty,116,normal,uncommon,1,66451,ca911e9a-bd04-4531-a81e-3485e9cbe89e,0.2,false,false,false,near_mint,en,false,EUR,2025-11-14T14:07:18.709Z
Bloodsworn Squire // Bloodsworn Knight,VOW,Innistrad: Crimson Vow,289,normal,uncommon,1,64203,50ea34d6-e690-4087-baf0-0b7a88739760,0.1,false,false,false,near_mint,en,false,EUR,2025-11-14T14:07:18.709Z
Starving Revenant,LCI,The Lost Caverns of Ixalan,123,normal,rare,1,89025,f25ea466-eb48-4c4c-b5d4-35f58e46ebe1,0.19,false,false,false,near_mint,en,false,EUR,2025-11-14T14:07:18.709Z
Blood Beckoning,ZNR,Zendikar Rising,92,normal,common,1,54439,0cb88075-14f8-4ac9-b947-5ca1d30938f1,0.08,false,false,false,near_mint,en,false,EUR,2025-11-14T14:07:18.709Z
Sinkhole Surveyor,TDM,Tarkir: Dragonstorm,93,normal,rare,1,104551,37cb5599-7d2c-48e9-978b-902a01a74bde,0.22,false,false,false,near_mint,en,false,EUR,2025-11-14T14:07:18.709Z
Gas Guzzler,DFT,Aetherdrift,85,normal,rare,1,103496,4db3a28c-e4b4-4b18-8d56-e3842184d105,0.18,false,false,false,near_mint,en,false,EUR,2025-11-14T14:07:18.709Z
Grasping Shadows // Shadows' Lair,LCI,The Lost Caverns of Ixalan,108,normal,uncommon,1,88635,81b8b9c9-725d-476d-a3cf-55e3dc3e433d,0.09,false,false,false,near_mint,en,false,EUR,2025-11-14T14:07:18.709Z
Come Back Wrong,DSK,Duskmourn: House of Horror,86,normal,rare,1,95604,72ee3b45-aa4e-4c5b-a9e6-608bfbd93f8b,0.33,false,false,false,near_mint,en,false,EUR,2025-11-14T14:07:18.709Z
Drown in Ichor,ONE,Phyrexia: All Will Be One,91,normal,uncommon,1,78818,bf148ef4-0ed7-4fbe-8ab6-01dd3981c8d3,0.5,false,false,false,near_mint,en,false,EUR,2025-11-14T14:07:18.709Z
Avenger of the Fallen,TDM,Tarkir: Dragonstorm,73,normal,rare,1,104984,d5397366-151f-46b0-b9b2-fa4d5bd892d8,0.46,false,false,false,near_mint,en,false,EUR,2025-11-14T14:07:18.709Z
Purging Stormbrood // Absorb Essence,TDM,Tarkir: Dragonstorm,213,normal,uncommon,1,104271,3988dc76-072c-4f43-849d-2e73c6f6ff58,0.07,false,false,false,near_mint,en,false,EUR,2025-11-14T14:07:18.709Z
"Kalakscion, Hunger Tyrant",DFT,Aetherdrift,93,normal,uncommon,1,103435,1214fc6d-ae47-418d-88cc-58633ec2ac7a,0.14,false,false,false,near_mint,en,false,EUR,2025-11-14T14:07:18.709Z
Chainer's Edict,DMR,Dominaria Remastered,78,normal,uncommon,1,78027,8c204471-d908-4a08-83e4-cf38999fa80f,0.35,false,false,false,near_mint,en,false,EUR,2025-11-14T14:07:18.709Z
Dark Knight's Greatsword,FIN,Final Fantasy,95,normal,uncommon,1,106634,b50dcc7c-260f-4d8c-9a9e-9244ec23a91e,0.12,false,false,false,near_mint,en,false,EUR,2025-11-14T14:07:18.709Z
Shambling Cie'th,FIN,Final Fantasy,117,normal,uncommon,4,106302,f02ce338-4fe2-44b0-a896-3ed7e6c874a3,0.09,false,false,false,near_mint,en,false,EUR,2025-11-14T14:07:18.709Z
"Fang, Fearless l'Cie",FIN,Final Fantasy,99,normal,uncommon,1,105759,f73a5cbb-905f-4b99-8d23-9d1b6bd47ee8,0.15,false,false,false,near_mint,en,false,EUR,2025-11-14T14:07:18.709Z
Summon: Anima,FIN,Final Fantasy,120,normal,uncommon,1,106356,aa4f6703-21f8-4c29-ad5a-5afb54188ade,0.08,false,false,false,near_mint,en,false,EUR,2025-11-14T14:07:18.709Z
Al Bhed Salvagers,FIN,Final Fantasy,88,normal,uncommon,3,106278,58ccdcfc-a669-480f-bded-4273cfaf2045,0.1,false,false,false,near_mint,en,false,EUR,2025-11-14T14:07:18.709Z
Poison the Waters,FIN,Final Fantasy,111,normal,uncommon,1,106380,ff2bafe7-4d0f-464d-b7ba-55a54366fc68,0.17,false,false,false,near_mint,en,false,EUR,2025-11-14T14:07:18.709Z
Salt Road Skirmish,TDM,Tarkir: Dragonstorm,88,normal,uncommon,1,105144,8f529a2e-5102-492e-84ab-68541d83b5a3,0.17,false,false,false,near_mint,en,false,EUR,2025-11-14T14:07:18.709Z
Thought-Stalker Warlock,BLB,Bloomburrow,118,normal,uncommon,1,96018,42e80284-d489-493b-ae92-95b742d07cb3,0.24,false,false,false,near_mint,en,false,EUR,2025-11-14T14:07:18.709Z
Asylum Visitor,INR,Innistrad Remastered,96,normal,uncommon,1,102400,02046824-6c48-40bb-9f0b-4fd280c6ed85,0.16,false,false,false,near_mint,en,false,EUR,2025-11-14T14:07:18.709Z
Gnawing Vermin,BRO,The Brothers' War,101,normal,uncommon,1,75367,2fa2fa48-ddb7-45f0-b183-4186df98f7cc,0.13,false,false,false,near_mint,en,false,EUR,2025-11-14T14:07:18.709Z
Infernal Grasp,EOC,Edge of Eternities Commander,84,normal,uncommon,1,106941,060b7e5f-5b40-4efc-9fad-4cebf40b654b,0.3,false,false,false,near_mint,en,false,EUR,2025-11-14T14:07:18.709Z
Hazel's Nocturne,BLB,Bloomburrow,97,normal,uncommon,1,96009,239363df-4de8-4b64-80fc-a1f4b5c36027,0.12,false,false,false,near_mint,en,false,EUR,2025-11-14T14:07:18.709Z
Dreadwurm,ZNR,Zendikar Rising,100,normal,common,1,54513,339736a8-a00f-4e21-8d92-38486f73dba9,0.04,false,false,false,near_mint,en,false,EUR,2025-11-14T14:07:18.709Z
Nezumi Graverobber // Nighteyes the Desecrator,CM2,Commander Anthology Volume II,71,normal,uncommon,1,1666,a00a7180-49bd-4ead-852a-67b6b5e4b933,0.31,false,false,false,near_mint,en,false,EUR,2025-11-14T14:07:18.709Z
Death Pulse,ONS,Onslaught,137,normal,uncommon,1,31166,524fd470-e535-47ea-98a0-6187e429dfe1,0.16,false,false,false,near_mint,en,false,EUR,2025-11-14T14:07:18.709Z
Consuming Corruption,MH3,Modern Horizons 3,84,normal,uncommon,1,94540,9068b3a4-9130-42d8-a26b-52010b7daa8b,0.26,false,false,false,near_mint,en,false,EUR,2025-11-14T14:07:18.709Z
Hungry Ghoul,FDN,Foundations,62,normal,common,1,100701,790f9433-7565-4f7f-88e8-8af762ea0296,0.1,false,false,false,near_mint,en,false,EUR,2025-11-14T14:07:18.709Z
Vampire Nighthawk,FDN,Foundations,186,normal,uncommon,1,101474,0a1934ab-3171-4fc6-8033-ad998899ba73,0.12,false,false,false,near_mint,en,false,EUR,2025-11-14T14:07:18.709Z
Defossilize,LCI,The Lost Caverns of Ixalan,103,normal,uncommon,1,88425,3d9abaec-af72-4399-b162-5e62e7487242,0.07,false,false,false,near_mint,en,false,EUR,2025-11-14T14:07:18.709Z
Anoint with Affliction,ONE,Phyrexia: All Will Be One,81,normal,common,1,78961,f7dc55a8-290f-4666-90ce-aa632e87c5e7,0.32,false,false,false,near_mint,en,false,EUR,2025-11-14T14:07:18.709Z
Gulping Scraptrap,ONE,Phyrexia: All Will Be One,96,normal,common,1,78456,28f48394-c6aa-4453-954a-68195d9bd6ea,0.12,false,false,false,near_mint,en,false,EUR,2025-11-14T14:07:18.709Z
Balemurk Leech,DSK,Duskmourn: House of Horror,84,normal,common,1,99016,f0621b32-95c5-4f70-96cf-d46d20efc85d,0.08,false,false,false,near_mint,en,false,EUR,2025-11-14T14:07:18.709Z
Stinging Hivemaster,ONE,Phyrexia: All Will Be One,110,normal,common,1,78858,cdbbcbe1-5317-455e-8d71-a4e2ad0addfc,0.07,false,false,false,near_mint,en,false,EUR,2025-11-14T14:07:18.709Z
Whisper of the Dross,ONE,Phyrexia: All Will Be One,117,normal,common,1,78561,58d287e8-5297-415a-97d5-02002470c52b,0.12,false,false,false,near_mint,en,false,EUR,2025-11-14T14:07:18.709Z
Engine Rat,DFT,Aetherdrift,84,normal,common,1,103579,949d6137-98d3-4f46-ab1e-08d7492af307,0.1,false,false,false,near_mint,en,false,EUR,2025-11-14T14:07:18.709Z
Mutant Surveyor,DFT,Aetherdrift,98,normal,common,1,103547,7cec5105-3907-40d2-8e46-95acfaaaa0cc,0.02,false,false,false,near_mint,en,false,EUR,2025-11-14T14:07:18.709Z
Grim Javelineer,DFT,Aetherdrift,89,normal,common,1,103558,87154116-e306-4e15-bd5a-dcdb5ddbcd36,0.03,false,false,false,near_mint,en,false,EUR,2025-11-14T14:07:18.709Z
Wreckage Wickerfolk,DFT,Aetherdrift,110,normal,common,1,103602,aeff3db7-81ac-4c51-9954-bc1dbcb8c4e3,0.05,false,false,false,near_mint,en,false,EUR,2025-11-14T14:07:18.709Z
Risky Shortcut,DFT,Aetherdrift,103,normal,common,1,103625,c80aa587-4445-43d7-abc0-654d94ff4cda,0.13,false,false,false,near_mint,en,false,EUR,2025-11-14T14:07:18.709Z
Skullcap Snail,LCI,The Lost Caverns of Ixalan,119,normal,common,1,88274,0d96d019-5d80-468a-b891-e3e99346372a,0.03,false,false,false,near_mint,en,false,EUR,2025-11-14T14:07:18.709Z
"Gothmog, Morgul Lieutenant",LTR,The Lord of the Rings: Tales of Middle-earth,429,normal,uncommon,1,83055,4b9af0ce-db08-4ccf-a9f3-b7c1eea14423,0.09,false,false,false,near_mint,en,false,EUR,2025-11-14T14:07:18.709Z
Rampaging Spiketail,LCI,The Lost Caverns of Ixalan,116,normal,common,1,88794,aad0adcb-80e5-4c6d-bcdd-9e5d18c017b3,0.09,false,false,false,near_mint,en,false,EUR,2025-11-14T14:07:18.709Z
Ragged Recluse // Odious Witch,VOW,Innistrad: Crimson Vow,127,normal,common,1,64285,7fb728de-0d6e-4b32-b0c4-edd7382d1391,0.04,false,false,false,near_mint,en,false,EUR,2025-11-14T14:07:18.709Z
Echo of Dusk,LCI,The Lost Caverns of Ixalan,104,normal,common,1,88387,319a457c-89b7-47f6-a13c-20bb50d41138,0.04,false,false,false,near_mint,en,false,EUR,2025-11-14T14:07:18.709Z
Fetid Gargantua,MH3,Modern Horizons 3,94,normal,common,1,94836,0cd368a9-5efe-4755-89be-a05cfa2b71c0,0.04,false,false,false,near_mint,en,false,EUR,2025-11-14T14:07:18.709Z
Wurmcoil Larva,MH3,Modern Horizons 3,112,normal,uncommon,1,94618,cc9b30e0-3934-4e4c-bdd9-5b7696b45948,0.1,false,false,false,near_mint,en,false,EUR,2025-11-14T14:07:18.709Z
Desperate Farmer // Depraved Harvester,INR,Innistrad Remastered,105,normal,common,1,102418,0ec488de-fded-4df9-97ed-ba46cbacfdbf,0.1,false,false,false,near_mint,en,false,EUR,2025-11-14T14:07:18.709Z
Hero's Downfall,FDN,Foundations,175,normal,uncommon,1,97185,ad2c01d9-8f54-46c0-9dc9-d4d4764ce1c9,0.1,false,false,false,near_mint,en,false,EUR,2025-11-14T14:07:18.709Z
Grisly Ritual,VOW,Innistrad: Crimson Vow,116,normal,common,1,64214,53cdf2ab-3acd-49bd-8273-84c1cfc92883,0.05,false,false,false,near_mint,en,false,EUR,2025-11-14T14:07:18.709Z
Cracked Skull,DSK,Duskmourn: House of Horror,88,normal,common,1,99214,7616ad5e-ed30-4876-8743-6f0f9f143ea1,0.16,false,false,false,near_mint,en,false,EUR,2025-11-14T14:07:18.709Z
Destroy the Evidence,RTR,Return to Ravnica,64,normal,common,1,17358,bca53097-108d-457e-831c-e3d6cb499a41,0.09,false,false,false,near_mint,en,false,EUR,2025-11-14T14:07:18.709Z
Dubious Delicacy,EOE,Edge of Eternities,96,normal,uncommon,1,107377,153265b4-0ca4-4245-9226-dd1a083ec91c,0.09,false,false,false,near_mint,en,false,EUR,2025-11-14T14:07:18.709Z
Susurian Dirgecraft,EOE,Edge of Eternities,117,normal,uncommon,1,107757,b67cdb6e-9a3b-4887-924d-318faa3c443d,0.06,false,false,false,near_mint,en,false,EUR,2025-11-14T14:07:18.709Z
Final Vengeance,DSK,Duskmourn: House of Horror,99,normal,common,1,98835,648da934-71f6-4945-a08f-09698414417b,0.08,false,false,false,near_mint,en,false,EUR,2025-11-14T14:07:18.709Z
Miasma Demon,DSK,Duskmourn: House of Horror,109,normal,uncommon,1,99196,6d167c00-75ff-4301-855a-8319b89e3689,0.11,false,false,false,near_mint,en,false,EUR,2025-11-14T14:07:18.709Z
Curse of Chains,CLU,Ravnica: Clue Edition,183,normal,common,1,90727,26146dec-135b-4b4e-9d85-dcc1df9b5a09,0.23,false,false,false,near_mint,en,false,EUR,2025-11-14T14:07:18.709Z
Osseous Sticktwister,DSK,Duskmourn: House of Horror,112,normal,uncommon,1,98971,4f43473e-1302-4543-b331-1a86cfbc3ced,0.12,false,false,false,near_mint,en,false,EUR,2025-11-14T14:07:18.709Z
Fell Gravship,EOE,Edge of Eternities,101,normal,uncommon,1,107348,e94b130d-3547-43c5-a319-5ebc571c2e2d,0.1,false,false,false,near_mint,en,false,EUR,2025-11-14T14:07:18.709Z
Embrace Oblivion,EOE,Edge of Eternities,98,normal,common,1,106927,3754fc20-7aaa-437d-97df-d6cf1c29586c,0.04,false,false,false,near_mint,en,false,EUR,2025-11-14T14:07:18.709Z
Susurian Voidborn,EOE,Edge of Eternities,118,normal,uncommon,1,107765,beb97e7b-0ae7-4b08-9ceb-6a7f825bcd49,0.15,false,false,false,near_mint,en,false,EUR,2025-11-14T14:07:18.709Z
"Xu-Ifit, Osteoharmonist",EOE,Edge of Eternities,127,normal,rare,1,107534,c0838f25-2193-4305-b73a-bf0c0bb4981a,0.31,false,false,false,near_mint,en,false,EUR,2025-11-14T14:07:18.709Z
Zero Point Ballad,EOE,Edge of Eternities,128,normal,rare,1,107722,59cf9f4d-54cd-4cda-9726-65e16100ab46,0.4,false,false,false,near_mint,en,false,EUR,2025-11-14T14:07:18.709Z
"Grond, the Gatebreaker",LTR,The Lord of the Rings: Tales of Middle-earth,89,normal,uncommon,1,83056,4bc61b28-afdd-4de9-829b-ffe5ca7c7f19,0.03,false,false,false,near_mint,en,false,EUR,2025-11-14T14:07:18.709Z
Give In to Violence,DSK,Duskmourn: House of Horror,101,normal,common,1,98763,00ac1759-d4cc-41d5-a9b7-a89b80d2190c,0.09,false,false,false,near_mint,en,false,EUR,2025-11-14T14:07:18.709Z
Cremate,RTR,Return to Ravnica,59,normal,common,1,17363,013d5260-f906-4f6a-97ed-725197743b60,0.08,false,false,false,near_mint,en,false,EUR,2025-11-14T14:07:18.709Z
Unhallowed Phalanx,VOW,Innistrad: Crimson Vow,135,normal,common,1,64426,d5ec541b-1799-4c0e-a3fb-c008cf2eb911,0.12,false,false,false,near_mint,en,false,EUR,2025-11-14T14:07:18.709Z
Appendage Amalgam,DSK,Duskmourn: House of Horror,83,normal,common,1,98919,d16b3cf3-7b85-4153-b25a-e6b5fce725cf,0.06,false,false,false,near_mint,en,false,EUR,2025-11-14T14:07:18.709Z
Sandskitter Outrider,TDM,Tarkir: Dragonstorm,89,normal,common,1,105122,1c4bfebe-f10f-44bd-9368-33e273ba5a55,0.07,false,false,false,near_mint,en,false,EUR,2025-11-14T14:07:18.709Z
Resurrected Cultist,DSK,Duskmourn: House of Horror,115,normal,common,1,98933,e41bd259-e81f-432a-bebf-4c6534f23db7,0.06,false,false,false,near_mint,en,false,EUR,2025-11-14T14:07:18.709Z
Duress,DMR,Dominaria Remastered,81,normal,common,1,77953,68cd43ba-646b-44b3-a1a5-0e6b6ceca866,0.09,false,false,false,near_mint,en,false,EUR,2025-11-14T14:07:18.709Z
Namazu Trader,FIN,Final Fantasy,107,normal,common,1,106248,f9d25b34-990d-416c-aef7-1b5a73f19dd4,0.05,false,false,false,near_mint,en,false,EUR,2025-11-14T14:07:18.709Z
Ravine Raider,BLB,Bloomburrow,106,normal,common,1,96370,874510be-7ecd-4eff-abad-b9594eb4821a,0.1,false,false,false,near_mint,en,false,EUR,2025-11-14T14:07:18.709Z
Alesha's Legacy,TDM,Tarkir: Dragonstorm,72,normal,common,1,104875,a9262bf6-df6a-446c-ba70-18270a09842d,0.1,false,false,false,near_mint,en,false,EUR,2025-11-14T14:07:18.709Z
Clawing Torment,NEO,Kamigawa: Neon Dynasty,91,normal,common,1,66880,621fce96-5933-4e2b-98ec-2589940e24cb,0.21,false,false,false,near_mint,en,false,EUR,2025-11-14T14:07:18.709Z
"Sorin, Vampire Lord",M20,Core Set 2020,290,foil,mythic,1,45170,bf20ea7b-e480-4b0e-b080-888f24d3c08d,3.7,false,false,false,near_mint,en,false,EUR,2025-11-14T14:07:18.709Z
Bloodthirsty Aerialist,C21,Commander 2021,136,normal,uncommon,1,58771,378b2e55-e383-408e-af57-072e47cea779,0.23,false,false,false,near_mint,en,false,EUR,2025-11-14T14:07:18.709Z
Bloodthirsty Aerialist,M20,Core Set 2020,91,normal,uncommon,2,45370,29156f28-38d8-4f65-b416-089f3fd97109,0.27,false,false,false,near_mint,en,false,EUR,2025-11-14T14:07:18.709Z
Okiba Reckoner Raid // Nezumi Road Captain,NEO,Kamigawa: Neon Dynasty,117,normal,common,1,66534,4f0582b4-d951-4450-b158-4a34109e48cd,0.11,false,false,false,near_mint,en,false,EUR,2025-11-14T14:07:18.709Z
Bladebrand,RVR,Ravnica Remastered,68,normal,common,1,89855,ae6f6255-865a-45fa-811d-ce477df730f2,0.04,false,false,false,near_mint,en,false,EUR,2025-11-14T14:07:18.709Z
Stab Wound,RVR,Ravnica Remastered,93,normal,uncommon,1,89901,cbe656e7-ae71-45c2-a263-588b73f70d73,0.17,false,false,false,near_mint,en,false,EUR,2025-11-14T14:07:18.709Z
Drainpipe Vermin,RTR,Return to Ravnica,66,normal,common,1,17356,4d7251f3-df66-4611-a84c-1897f74431f7,0.09,false,false,false,near_mint,en,false,EUR,2025-11-14T14:07:18.709Z
Terrus Wurm,RTR,Return to Ravnica,80,normal,common,1,17342,1998135c-7b7f-402b-a8a5-4f4af131b1bc,0.04,false,false,false,near_mint,en,false,EUR,2025-11-14T14:07:18.709Z
Delta Bloodflies,TDM,Tarkir: Dragonstorm,77,normal,common,1,104457,119bb72d-aed9-47dc-9285-7bc836cc3776,0.02,false,false,false,near_mint,en,false,EUR,2025-11-14T14:07:18.709Z
Gisa's Bidding,INR,Innistrad Remastered,111,normal,common,1,102557,5ad2fdbf-4a68-42e8-9c4f-7a075261ddf8,0.05,false,false,false,near_mint,en,false,EUR,2025-11-14T14:07:18.709Z
Olivia's Dragoon,INR,Innistrad Remastered,127,normal,common,1,102550,571a9e92-6f34-4bf4-b7f4-15d12560efb6,0.07,false,false,false,near_mint,en,false,EUR,2025-11-14T14:07:18.709Z
Bonebind Orator,BLB,Bloomburrow,84,normal,common,1,96535,faf226fa-ca09-4468-8804-87b2a7de2c66,0.04,false,false,false,near_mint,en,false,EUR,2025-11-14T14:07:18.709Z
Hymn of the Faller,EOE,Edge of Eternities,107,normal,uncommon,1,107568,e468d528-6cf0-4563-9da2-e388ba56cb9d,0.12,false,false,false,near_mint,en,false,EUR,2025-11-14T14:07:18.709Z
Emergency Weld,BRO,The Brothers' War,93,normal,common,1,75875,ec94d440-3922-4588-bf7b-d8670f81ef4e,0.1,false,false,false,near_mint,en,false,EUR,2025-11-14T14:07:18.709Z
Ecstatic Awakener // Awoken Demon,INR,Innistrad Remastered,107,normal,common,1,102716,abd587d8-2f71-4b3c-960a-d362133e967b,0.05,false,false,false,near_mint,en,false,EUR,2025-11-14T14:07:18.709Z
Cruel Grimnarch,ONE,Phyrexia: All Will Be One,88,normal,common,1,78912,e3f571b5-ce50-4856-a151-fe6610d27bca,0.08,false,false,false,near_mint,en,false,EUR,2025-11-14T14:07:18.709Z
Malicious Eclipse,LCI,The Lost Caverns of Ixalan,111,normal,uncommon,1,88354,2796fffa-8cbf-4ec9-91a8-7b6f39fd50ec,0.12,false,false,false,near_mint,en,false,EUR,2025-11-14T14:07:18.709Z
Bitter Triumph,TDC,Tarkir: Dragonstorm Commander,173,normal,uncommon,1,104936,c5333556-eea2-41ae-833e-007b9d540700,1.38,false,false,false,near_mint,en,false,EUR,2025-11-14T14:07:18.709Z
Crawl from the Cellar,INR,Innistrad Remastered,102,normal,common,1,102619,79563dd1-640c-4ebd-a347-0b71439b79d3,0.03,false,false,false,near_mint,en,false,EUR,2025-11-14T14:07:18.709Z
Kaito's Pursuit,NEO,Kamigawa: Neon Dynasty,103,normal,common,1,66920,dd73fa5a-be0f-49a4-a921-afefbc8fa9c5,0.12,false,false,false,near_mint,en,false,EUR,2025-11-14T14:07:18.709Z
Broodrage Mycoid,LCI,The Lost Caverns of Ixalan,95,normal,common,1,88247,08318a16-a9ed-42c8-9433-876b7a72e368,0.03,false,false,false,near_mint,en,false,EUR,2025-11-14T14:07:18.709Z
Gravblade Heavy,EOE,Edge of Eternities,102,normal,common,1,107756,b3872341-d711-407b-85e4-46ccb99988e1,0.02,false,false,false,near_mint,en,false,EUR,2025-11-14T14:07:18.709Z
Lethal Exploit,NEO,Kamigawa: Neon Dynasty,107,normal,common,1,66409,8d8edf8f-c2bd-4fd1-8abf-d3162e068b17,0.07,false,false,false,near_mint,en,false,EUR,2025-11-14T14:07:18.709Z
Gravkill,EOE,Edge of Eternities,103,normal,common,1,107333,cfa6c57f-a193-48cc-9764-d8348548a111,0.02,false,false,false,near_mint,en,false,EUR,2025-11-14T14:07:18.709Z
Kami of Restless Shadows,NEO,Kamigawa: Neon Dynasty,104,normal,common,1,66881,62d3be4a-ab4f-46ef-837c-0f7559a701fe,0.05,false,false,false,near_mint,en,false,EUR,2025-11-14T14:07:18.709Z
Return to Action,NEO,Kamigawa: Neon Dynasty,121,normal,common,1,66862,342ec072-e581-490c-b5ae-a625bd35a153,0.09,false,false,false,near_mint,en,false,EUR,2025-11-14T14:07:18.709Z
Testament Bearer,ONE,Phyrexia: All Will Be One,111,normal,common,1,78748,a5424859-628a-4c19-acd0-0c63c21c8338,0.03,false,false,false,near_mint,en,false,EUR,2025-11-14T14:07:18.709Z
Ray of Ruin,LCI,The Lost Caverns of Ixalan,117,normal,common,1,88926,d440d90e-ac7e-4715-971a-700c977c7fde,0.03,false,false,false,near_mint,en,false,EUR,2025-11-14T14:07:18.709Z
Debt to the Kami,NEO,Kamigawa: Neon Dynasty,92,normal,common,1,66908,c1a7e728-ba01-4e3d-b269-9e2dd85a1d1b,0.12,false,false,false,near_mint,en,false,EUR,2025-11-14T14:07:18.709Z
Dokuchi Shadow-Walker,NEO,Kamigawa: Neon Dynasty,94,normal,common,1,66399,81496a81-c986-4749-a28c-45341764e28f,0.07,false,false,false,near_mint,en,false,EUR,2025-11-14T14:07:18.709Z
Ogre Jailbreaker,MM3,Modern Masters 2017,80,normal,common,1,6133,da55a961-9eb7-4b9b-9be3-d4a0a5b76efb,0.07,false,false,false,near_mint,en,false,EUR,2025-11-14T14:07:18.709Z
Virus Beetle,NEO,Kamigawa: Neon Dynasty,128,normal,common,1,66871,488ee202-0d28-4cc0-8a7d-644d9878e952,0.13,false,false,false,near_mint,en,false,EUR,2025-11-14T14:07:18.709Z
Vote Out,EOE,Edge of Eternities,126,normal,uncommon,1,107717,4f50bb47-cc4d-4b81-b5f1-817ca8744d12,0.08,false,false,false,near_mint,en,false,EUR,2025-11-14T14:07:18.709Z
Faller's Faithful,EOE,Edge of Eternities,100,normal,uncommon,1,107607,cbb1b46f-72e0-4c2f-8012-74529bd29a0d,0.12,false,false,false,near_mint,en,false,EUR,2025-11-14T14:07:18.709Z
Scrounge for Eternity,EOE,Edge of Eternities,114,normal,uncommon,1,107762,baeff907-017e-4dee-aae1-19dfaab309de,0.09,false,false,false,near_mint,en,false,EUR,2025-11-14T14:07:18.709Z
Kin-Tree Nurturer,TDM,Tarkir: Dragonstorm,83,normal,common,1,105124,2177ef64-28bf-4acf-b1f1-c1408f03c411,0.04,false,false,false,near_mint,en,false,EUR,2025-11-14T14:07:18.709Z
Depressurize,EOE,Edge of Eternities,95,normal,common,1,107697,25520d5a-1a83-42cc-8ace-8b1156019d64,0.05,false,false,false,near_mint,en,false,EUR,2025-11-14T14:07:18.709Z
Qutrub Forayer,FIN,Final Fantasy,112,normal,common,5,106575,7475ecf6-23f5-45af-9ef0-ac7923bbc9cb,0.04,false,false,false,near_mint,en,false,EUR,2025-11-14T14:07:18.709Z
Comet Crawler,EOE,Edge of Eternities,92,normal,common,3,107766,becca990-ab2e-4aa4-be7d-293ec727cb08,0.04,false,false,false,near_mint,en,false,EUR,2025-11-14T14:07:18.709Z
Vayne's Treachery,FIN,Final Fantasy,124,normal,common,2,106569,6de6d23b-7d42-41c1-be1c-010fe43ee586,0.07,false,false,false,near_mint,en,false,EUR,2025-11-14T14:07:18.709Z
Shinra Reinforcements,FIN,Final Fantasy,118,normal,common,5,106282,7367b257-1a8c-4593-a307-7116e36e0342,0.05,false,false,false,near_mint,en,false,EUR,2025-11-14T14:07:18.709Z
Vincent's Limit Break,FIN,Final Fantasy,126,normal,common,5,106499,0502c426-5271-4989-8598-5bc159afe79c,0.07,false,false,false,near_mint,en,false,EUR,2025-11-14T14:07:18.709Z
Unrooted Ancestor,TDM,Tarkir: Dragonstorm,96,normal,uncommon,2,104689,6394b125-21a8-4439-9958-94b76684138e,0.05,false,false,false,near_mint,en,false,EUR,2025-11-14T14:07:18.709Z
Warped Devotion,PLS,Planeshift,57,normal,uncommon,2,32895,3bce620f-799a-4ad8-9edb-6fb3d9ea1cc6,0.27,false,false,false,near_mint,en,false,EUR,2025-11-14T14:07:18.709Z
Ahriman,FIN,Final Fantasy,87,normal,common,2,106517,162a415c-5465-497e-8f4e-c6f09681641d,0.06,false,false,false,near_mint,en,false,EUR,2025-11-14T14:07:18.709Z
Swarm Culler,EOE,Edge of Eternities,119,normal,common,3,107700,2a8f583c-88b6-4797-b93e-3086845fc326,0.05,false,false,false,near_mint,en,false,EUR,2025-11-14T14:07:18.709Z
Circle of Power,FIN,Final Fantasy,92,normal,uncommon,2,106164,c969bd0f-f174-4e2f-b95c-c9ccd5d0b8ba,0.11,false,false,false,near_mint,en,false,EUR,2025-11-14T14:07:18.709Z
Demon Wall,FIN,Final Fantasy,97,normal,uncommon,2,106514,13abd96c-d1af-43d0-b3a4-ac3db20e3b51,0.12,false,false,false,near_mint,en,false,EUR,2025-11-14T14:07:18.709Z
Aggressive Negotiations,TDM,Tarkir: Dragonstorm,70,normal,common,2,105146,993ade84-031f-4a3e-bd68-55f61b559248,0.04,false,false,false,near_mint,en,false,EUR,2025-11-14T14:07:18.709Z
Undercity Dire Rat,FIN,Final Fantasy,123,normal,common,7,106270,274788f4-fbf3-4a15-bdc0-f513a2fde30d,0.08,false,false,false,near_mint,en,false,EUR,2025-11-14T14:07:18.709Z
Canonized in Blood,LCI,The Lost Caverns of Ixalan,96,normal,uncommon,2,88410,384b6892-5dfc-4607-b511-cf83544a9357,0.04,false,false,false,near_mint,en,false,EUR,2025-11-14T14:07:18.709Z
Dead Weight,LCI,The Lost Caverns of Ixalan,99,normal,common,2,88638,82e6b971-3f5b-47e7-8209-98d72ee781fc,0.07,false,false,false,near_mint,en,false,EUR,2025-11-14T14:07:18.709Z
Ninja's Blades,FIN,Final Fantasy,108,normal,rare,2,106620,a6b5af82-3646-44f9-ac12-1d7fa698f037,0.24,false,false,false,near_mint,en,false,EUR,2025-11-14T14:07:18.709Z
Dragon's Prey,TDM,Tarkir: Dragonstorm,79,normal,common,3,104754,7a6004ff-4180-4332-8b51-960f8c7521d9,0.05,false,false,false,near_mint,en,false,EUR,2025-11-14T14:07:18.709Z
Blood Burglar,M20,Core Set 2020,88,normal,common,2,45373,01efd5af-ed6d-4132-8f33-37f6a9fa55d0,0.07,false,false,false,near_mint,en,false,EUR,2025-11-14T14:07:18.709Z
Hullcarver,EOE,Edge of Eternities,105,normal,common,4,107075,817b5b18-beb5-48c8-aa45-0515ff9ca5da,0.1,false,false,false,near_mint,en,false,EUR,2025-11-14T14:07:18.709Z
Bandit's Talent,BLB,Bloomburrow,83,normal,uncommon,2,95917,485dc8d8-9e44-4a0f-9ff6-fa448e232290,0.18,false,false,false,near_mint,en,false,EUR,2025-11-14T14:07:18.709Z
"Sidequest: Hunt the Mark // Yiazmat, Ultimate Mark",FIN,Final Fantasy,119,normal,uncommon,2,106646,c3eb2ae5-10de-4c3d-91c8-8734befc80b2,0.06,false,false,false,near_mint,en,false,EUR,2025-11-14T14:07:18.709Z
Wail of War,TDM,Tarkir: Dragonstorm,98,normal,uncommon,2,104764,7e9430dd-f583-400d-808a-64e2b5fa54f1,0.11,false,false,false,near_mint,en,false,EUR,2025-11-14T14:07:18.709Z
Go for the Throat,MOC,March of the Machine Commander,250,normal,uncommon,2,81676,5446e1ba-c745-45b2-ad05-b22abf04daec,0.93,false,false,false,near_mint,en,false,EUR,2025-11-14T14:07:18.709Z
Murder,CMR,Commander Legends,134,normal,common,2,56053,440bfb8c-f29a-4c11-9fcb-ee935dead03f,0.02,false,false,false,near_mint,en,false,EUR,2025-11-14T14:07:18.709Z
Feral Deathgorger // Dusk Sight,TDM,Tarkir: Dragonstorm,80,normal,common,3,104845,a147b94f-dfcf-44ce-8a73-b2fe6c4efc0e,0.03,false,false,false,near_mint,en,false,EUR,2025-11-14T14:07:18.709Z
Agate-Blade Assassin,BLB,Bloomburrow,82,normal,common,2,96017,39ebb84a-1c52-4b07-9bd0-b360523b3a5b,0.19,false,false,false,near_mint,en,false,EUR,2025-11-14T14:07:18.709Z
Beamsaw Prospector,EOE,Edge of Eternities,89,normal,common,2,107734,6f717a3f-c6db-4e8d-8b62-6361ab33d000,0.06,false,false,false,near_mint,en,false,EUR,2025-11-14T14:07:18.709Z
Commune with Evil,DSK,Duskmourn: House of Horror,87,normal,uncommon,3,98876,9ab94ebe-b51b-4c6f-af43-0ed80e2808a3,0.04,false,false,false,near_mint,en,false,EUR,2025-11-14T14:07:18.709Z
Krumar Initiate,TDM,Tarkir: Dragonstorm,84,normal,uncommon,2,104916,bc66680f-24ab-433a-8197-feac3a174075,0.11,false,false,false,near_mint,en,false,EUR,2025-11-14T14:07:18.709Z
Unburied Earthcarver,TDM,Tarkir: Dragonstorm,95,normal,common,3,105126,3ab5e71e-dc8d-4ed8-bcef-6497177c4a9d,0.06,false,false,false,near_mint,en,false,EUR,2025-11-14T14:07:18.709Z
Sorin's Thirst,M20,Core Set 2020,325,normal,common,5,45135,c0dacbb2-21e1-4220-bf43-75a0729cdc60,0.2,false,false,false,near_mint,en,false,EUR,2025-11-14T14:07:18.709Z
Perigee Beckoner,EOE,Edge of Eternities,112,normal,common,2,107786,f3666a08-d449-496f-969a-bf21d4afbd77,0.14,false,false,false,near_mint,en,false,EUR,2025-11-14T14:07:18.709Z
Vampire of the Dire Moon,M20,Core Set 2020,120,normal,uncommon,4,45341,b3c185b9-5d97-4a5a-af0b-8b9c44dcd235,1.24,false,false,false,near_mint,en,false,EUR,2025-11-14T14:07:18.709Z
Resentful Revelation,FIN,Final Fantasy,114,normal,common,5,106598,945006ea-c6a1-4ee5-abb2-387c2b6d3123,0.08,false,false,false,near_mint,en,false,EUR,2025-11-14T14:07:18.709Z
Daggerfang Duo,BLB,Bloomburrow,89,normal,common,2,96468,cea2bb34-e328-44fb-918a-72208c9457e4,0.02,false,false,false,near_mint,en,false,EUR,2025-11-14T14:07:18.709Z
Pointed Discussion,VOW,Innistrad: Crimson Vow,126,normal,common,2,64071,076deb63-f7e2-498f-a66a-8a190370a3b3,0.12,false,false,false,near_mint,en,false,EUR,2025-11-14T14:07:18.709Z
Sephiroth's Intervention,FIN,Final Fantasy,116,normal,common,6,106297,cf7df82f-937a-443f-813f-2bcc6944c5c0,0.09,false,false,false,near_mint,en,false,EUR,2025-11-14T14:07:18.709Z
Fight On!,FIN,Final Fantasy,100,normal,common,3,106673,e1b0739a-dcc4-4034-96d7-69e551b2f36b,0.15,false,false,false,near_mint,en,false,EUR,2025-11-14T14:07:18.709Z
Decode Transmissions,EOE,Edge of Eternities,94,normal,common,2,107166,cecb4936-14ca-49f9-b209-6519cab54b30,0.05,false,false,false,near_mint,en,false,EUR,2025-11-14T14:07:18.709Z
Overkill,FIN,Final Fantasy,109,normal,uncommon,5,106628,ae075e71-d33d-4d6c-b4a5-0b47dd6fd196,0.21,false,false,false,near_mint,en,false,EUR,2025-11-14T14:07:18.709Z
Consumed by Greed,BLB,Bloomburrow,87,normal,uncommon,2,95884,e50acc41-3517-42db-b1d3-1bdfd7294d84,0.15,false,false,false,near_mint,en,false,EUR,2025-11-14T14:07:18.709Z
Phantom Train,FIN,Final Fantasy,110,normal,uncommon,3,106350,7a50d2ac-101d-41e1-b400-18fa7d2d7125,0.09,false,false,false,near_mint,en,false,EUR,2025-11-14T14:07:18.709Z
Worthy Cost,TDM,Tarkir: Dragonstorm,99,normal,common,2,104883,adc18edc-01d8-4a7e-a87b-a854e50aa75e,0.1,false,false,false,near_mint,en,false,EUR,2025-11-14T14:07:18.709Z
Timeline Culler,EOE,Edge of Eternities,121,normal,uncommon,2,106991,33410410-72f2-49c4-9e63-a72202cd075a,0.42,false,false,false,near_mint,en,false,EUR,2025-11-14T14:07:18.709Z
Vampire Opportunist,M20,Core Set 2020,326,normal,common,2,45134,ced4b4a9-73a8-4135-b150-cd78d1558aca,0.12,false,false,false,near_mint,en,false,EUR,2025-11-14T14:07:18.709Z
Dark Remedy,M20,Core Set 2020,321,normal,common,3,45139,5c926d38-a741-47a9-8961-f5bcf2909939,0.15,false,false,false,near_mint,en,false,EUR,2025-11-14T14:07:18.709Z
Insatiable Skittermaw,EOE,Edge of Eternities,108,normal,common,2,107195,e9d30cca-ea33-418f-bba3-5103f1dbd751,0.06,false,false,false,near_mint,en,false,EUR,2025-11-14T14:07:18.709Z
Malboro,FIN,Final Fantasy,106,normal,common,3,105739,e46d8048-03ce-4e07-ba24-f41ba6140a4e,0.11,false,false,false,near_mint,en,false,EUR,2025-11-14T14:07:18.709Z
Fear of the Dark,DSK,Duskmourn: House of Horror,98,normal,common,2,98866,8700eb8d-1cc0-45ff-b769-c875ee6500ea,0.1,false,false,false,near_mint,en,false,EUR,2025-11-14T14:07:18.709Z
Scales of Shale,BLB,Bloomburrow,110,normal,common,3,95955,9ae14276-dbbd-4257-80e9-accd6c19f5b2,0.21,false,false,false,near_mint,en,false,EUR,2025-11-14T14:07:18.709Z
Nightblade Brigade,TDM,Tarkir: Dragonstorm,85,normal,common,3,105134,648debd9-d4cf-4788-8882-f1601a3d87f5,0.09,false,false,false,near_mint,en,false,EUR,2025-11-14T14:07:18.709Z
Hundred-Battle Veteran,TDM,Tarkir: Dragonstorm,82,normal,uncommon,2,105017,e53adf93-2db5-4087-a2dc-c8f53401d700,0.09,false,false,false,near_mint,en,false,EUR,2025-11-14T14:07:18.709Z
Nasty End,LTR,The Lord of the Rings: Tales of Middle-earth,416,normal,common,2,82993,37271b8b-3c58-43aa-b120-f0aa12fb3ad5,0.1,false,false,false,near_mint,en,false,EUR,2025-11-14T14:07:18.709Z
Black Mage's Rod,FIN,Final Fantasy,90,normal,common,2,105591,35e8f140-055f-4fc7-a765-fb030d828214,0.32,false,false,false,near_mint,en,false,EUR,2025-11-14T14:07:18.709Z
Desperate Measures,TDM,Tarkir: Dragonstorm,78,normal,uncommon,2,104959,ccbc6fd0-42bc-4e8b-96bc-69a631ba7106,0.21,false,false,false,near_mint,en,false,EUR,2025-11-14T14:07:18.709Z
Sorin's Guide,M20,Core Set 2020,292,normal,rare,2,45168,416b000d-77d0-4c83-bbbd-d1107f746dde,0.12,false,false,false,near_mint,en,false,EUR,2025-11-14T14:07:18.709Z
Thirsting Bloodlord,M20,Core Set 2020,293,normal,uncommon,2,45167,599e8ed3-4341-4373-8871-2768a90d98c1,1.38,false,false,false,near_mint,en,false,EUR,2025-11-14T14:07:18.709Z
Evil Reawakened,FIN,Final Fantasy,98,normal,uncommon,5,106300,eb98cbc3-749c-44f4-974c-00be1286d69e,0.06,false,false,false,near_mint,en,false,EUR,2025-11-14T14:07:18.709Z
Cruel Truths,TDM,Tarkir: Dragonstorm,76,normal,common,2,104308,6852b4d5-74e0-44ba-ba44-20aa91e3c4c8,0.07,false,false,false,near_mint,en,false,EUR,2025-11-14T14:07:18.709Z
Savage Gorger,M20,Core Set 2020,291,normal,common,4,45169,a25ea81f-9786-4622-978d-b082fb72622c,0.97,false,false,false,near_mint,en,false,EUR,2025-11-14T14:07:18.709Z
Cornered by Black Mages,FIN,Final Fantasy,93,normal,common,2,106564,688fcf8a-0a44-416a-8086-83acf9a6fe69,0.11,false,false,false,near_mint,en,false,EUR,2025-11-14T14:07:18.709Z
Choco-Comet,FIN,Final Fantasy,132,normal,uncommon,1,106592,8d8d3903-a7f4-4cd8-8d29-b4a173e4fbb2,0.12,false,false,false,near_mint,en,false,EUR,2025-11-14T14:07:18.709Z
Turn Inside Out,DSK,Duskmourn: House of Horror,160,normal,common,1,98707,57e2a92c-06d3-4cb5-883d-cba428a7e98e,0.08,false,false,false,near_mint,en,false,EUR,2025-11-14T14:07:18.709Z
Slice and Dice,CMM,Commander Masters,255,normal,uncommon,1,84946,dad077c9-abc7-4296-a5d1-9441aa6c38c0,0.1,false,false,false,near_mint,en,false,EUR,2025-11-14T14:07:18.709Z
Macetail Hystrodon,DMR,Dominaria Remastered,130,normal,common,1,78118,c750f7d7-25b8-433f-b3a8-0d842b99276f,0.02,false,false,false,near_mint,en,false,EUR,2025-11-14T14:07:18.709Z
Endrider Catalyzer,DFT,Aetherdrift,124,normal,common,1,103052,55a5a67b-d969-4ba4-9dcc-32d0c2e5c04a,0.09,false,false,false,near_mint,en,false,EUR,2025-11-14T14:07:18.709Z
Deadapult,DMR,Dominaria Remastered,115,normal,uncommon,1,78097,b8f9cb4d-5ee2-4934-a0ca-43148491ae35,0.02,false,false,false,near_mint,en,false,EUR,2025-11-14T14:07:18.709Z
Prowcatcher Specialist,DFT,Aetherdrift,142,normal,common,1,103224,affbc8db-4ff7-4a86-954a-910493e5a2ef,0.09,false,false,false,near_mint,en,false,EUR,2025-11-14T14:07:18.709Z
Rending Flame,VOW,Innistrad: Crimson Vow,175,normal,uncommon,1,64205,51332c31-41df-4379-aa63-6a734a4df618,0.05,false,false,false,near_mint,en,false,EUR,2025-11-14T14:07:18.709Z
Reverberating Summons,TDM,Tarkir: Dragonstorm,117,normal,uncommon,1,104475,1af19ce8-bc0c-420c-9e3b-9059b4df32cb,0.04,false,false,false,near_mint,en,false,EUR,2025-11-14T14:07:18.709Z
Daggersail Aeronaut,M20,Core Set 2020,133,normal,common,1,45328,5a46b090-8b03-4498-840e-cf130510892c,0.02,false,false,false,near_mint,en,false,EUR,2025-11-14T14:07:18.709Z
Destructive Digger,M20,Core Set 2020,134,normal,common,1,45327,d981b310-5e75-4f30-baf6-37f069f00aa3,0.02,false,false,false,near_mint,en,false,EUR,2025-11-14T14:07:18.709Z
Gift of Wrath,NEO,Kamigawa: Neon Dynasty,143,normal,common,1,66868,3c33f6d9-be29-4698-96f9-d393a2c8ad68,0.02,false,false,false,near_mint,en,false,EUR,2025-11-14T14:07:18.709Z
Narset's Rebuke,TDM,Tarkir: Dragonstorm,114,normal,common,1,104640,5098bd73-d51c-4db4-bf06-fd4854089d37,0.05,false,false,false,near_mint,en,false,EUR,2025-11-14T14:07:18.709Z
Equilibrium Adept,TDM,Tarkir: Dragonstorm,106,normal,uncommon,1,104335,a4ba6d74-c6be-4a5e-8859-b791bb6b8f51,0.11,false,false,false,near_mint,en,false,EUR,2025-11-14T14:07:18.709Z
Electrickery,GK1,GRN Guild Kit,29,normal,common,1,117,61710c6a-b3d1-46ae-8aec-e7f8e56b135e,0.94,false,false,false,near_mint,en,false,EUR,2025-11-14T14:07:18.709Z
Viashino Racketeer,RTR,Return to Ravnica,112,normal,common,1,17310,bf4c2d22-9c36-42cc-854d-f96410bb5cf1,0.04,false,false,false,near_mint,en,false,EUR,2025-11-14T14:07:18.709Z
Explosive Impact,RTR,Return to Ravnica,94,normal,common,1,17328,3a3e2b45-b086-4ffd-aa1a-1d03046e0d61,0.04,false,false,false,near_mint,en,false,EUR,2025-11-14T14:07:18.709Z
Annihilating Fire,RTR,Return to Ravnica,85,normal,common,1,17337,ae12fd10-c13e-4777-a233-96204ec75ac1,0.05,false,false,false,near_mint,en,false,EUR,2025-11-14T14:07:18.709Z
Fearful Villager // Fearsome Werewolf,VOW,Innistrad: Crimson Vow,157,normal,common,1,64229,5eb3a08e-1d31-4ab9-854f-a86b060696ec,0.03,false,false,false,near_mint,en,false,EUR,2025-11-14T14:07:18.709Z
Voldaren Epicure,VOW,Innistrad: Crimson Vow,308,normal,common,1,64489,feda6bb3-ee22-489c-bcfd-52ef04841024,0.26,false,false,false,near_mint,en,false,EUR,2025-11-14T14:07:18.709Z
Phyrexian Ironworks,MH3,Modern Horizons 3,130,normal,uncommon,1,94863,6d64e1a8-cb4f-4968-b3e0-c9ca7c7894a3,0.07,false,false,false,near_mint,en,false,EUR,2025-11-14T14:07:18.709Z
Fanged Flames,MH3,Modern Horizons 3,118,normal,common,1,94898,fcfac301-55db-49a7-9a0d-918c907703da,0.06,false,false,false,near_mint,en,false,EUR,2025-11-14T14:07:18.709Z
Crackling Cyclops,FDN,Foundations,83,normal,common,1,101541,6e5b899a-52f7-471b-ad50-4fa6566758fd,0.03,false,false,false,near_mint,en,false,EUR,2025-11-14T14:07:18.709Z
Mogg Conscripts,TMP,Tempest,189,normal,common,1,36810,73719325-b091-4464-b0b0-77dfbb19562a,0.26,false,false,false,near_mint,en,false,EUR,2025-11-14T14:07:18.709Z
Tormenting Voice,ZNR,Zendikar Rising,172,normal,common,1,54599,6da46103-a14c-4aa2-92fc-fd758335caf4,0.08,false,false,false,near_mint,en,false,EUR,2025-11-14T14:07:18.709Z
Self-Destruct,FIN,Final Fantasy,157,normal,uncommon,1,106285,7661003c-bf83-46bb-bcc0-8fbf5819ffa8,0.16,false,false,false,near_mint,en,false,EUR,2025-11-14T14:07:18.709Z
Random Encounter,FIN,Final Fantasy,150,normal,uncommon,1,106534,3618e283-2df9-4eb9-97b0-96b55ee31cc0,0.08,false,false,false,near_mint,en,false,EUR,2025-11-14T14:07:18.709Z
Sandworm,FIN,Final Fantasy,155,normal,uncommon,1,106621,a6e021da-2397-4ad3-a07b-65c701df531a,0.05,false,false,false,near_mint,en,false,EUR,2025-11-14T14:07:18.709Z
Unexpected Request,FIN,Final Fantasy,167,normal,uncommon,1,106495,0265fd20-a85d-49ce-b338-4c40843a5b18,0.05,false,false,false,near_mint,en,false,EUR,2025-11-14T14:07:18.709Z
Goblin Tomb Raider,LCI,The Lost Caverns of Ixalan,151,normal,common,1,88218,018160fe-f602-43f5-8495-241a08eaa69c,0.29,false,false,false,near_mint,en,false,EUR,2025-11-14T14:07:18.709Z
Triumphant Chomp,LCI,The Lost Caverns of Ixalan,170,normal,uncommon,1,88240,06b28139-efa7-4818-a012-cf8150692b43,0.08,false,false,false,near_mint,en,false,EUR,2025-11-14T14:07:18.709Z
Boilerbilges Ripper,DSK,Duskmourn: House of Horror,127,normal,common,1,99066,1a68009c-83cd-455f-81e9-bdd720d23a43,0.03,false,false,false,near_mint,en,false,EUR,2025-11-14T14:07:18.709Z
Mine Raider,OTJ,Outlaws of Thunder Junction,135,normal,common,1,93072,19cfacff-e884-4954-aa6b-ed56ca942bf2,0.06,false,false,false,near_mint,en,false,EUR,2025-11-14T14:07:18.709Z
Hellspur Brute,OTJ,Outlaws of Thunder Junction,127,normal,uncommon,1,93130,3b99db5b-cd13-4e69-98b7-753e72c781f8,0.1,false,false,false,near_mint,en,false,EUR,2025-11-14T14:07:18.709Z
"Grishnákh, Brash Instigator",LTR,The Lord of the Rings: Tales of Middle-earth,134,normal,uncommon,1,83136,6385e769-f805-499d-9f47-494533362152,0.09,false,false,false,near_mint,en,false,EUR,2025-11-14T14:07:18.709Z
Moria Marauder,LTR,The Lord of the Rings: Tales of Middle-earth,138,normal,rare,1,83637,f33d5394-2248-4654-bec5-33b144752586,0.41,false,false,false,near_mint,en,false,EUR,2025-11-14T14:07:18.709Z
Goblin Fireleaper,LTR,The Lord of the Rings: Tales of Middle-earth,133,normal,uncommon,1,83620,ec120dae-8c40-4053-9341-1f7774464634,0.08,false,false,false,near_mint,en,false,EUR,2025-11-14T14:07:18.709Z
"Breeches, Eager Pillager",LCI,The Lost Caverns of Ixalan,137,normal,rare,1,86330,aadf5028-8dfe-40d3-89b4-22bd7ed0aae6,0.43,false,false,false,near_mint,en,false,EUR,2025-11-14T14:07:18.709Z
Pursuit of Flight,RTR,Return to Ravnica,102,normal,common,1,17320,37a6290c-a0a8-4032-972b-84a7eef04dae,0.05,false,false,false,near_mint,en,false,EUR,2025-11-14T14:07:18.709Z
Fleeting Effigy,TDM,Tarkir: Dragonstorm,108,normal,uncommon,1,105121,1971fd6c-0a1c-41b2-93a6-886a176fbb73,0.1,false,false,false,near_mint,en,false,EUR,2025-11-14T14:07:18.709Z
Summit Intimidator,TDM,Tarkir: Dragonstorm,125,normal,common,1,104373,e3cba0b1-7c22-4e51-b9cf-5bf01e67a222,0.02,false,false,false,near_mint,en,false,EUR,2025-11-14T14:07:18.709Z
Dynacharge,MM3,Modern Masters 2017,94,normal,common,1,6119,a9e530cc-21b9-43c2-a6a9-f1d96e06c2cd,0.11,false,false,false,near_mint,en,false,EUR,2025-11-14T14:07:18.709Z
Ancestors' Aid,LCI,The Lost Caverns of Ixalan,132,normal,common,1,88996,e90d5b7d-e27d-42d6-ba7a-d4a6b0dd8549,0.07,false,false,false,near_mint,en,false,EUR,2025-11-14T14:07:18.709Z
Rabbit Battery,NEO,Kamigawa: Neon Dynasty,157,normal,uncommon,1,66716,5d33a5b7-797b-4079-8d62-edd124c0fb5a,0.23,false,false,false,near_mint,en,false,EUR,2025-11-14T14:07:18.709Z
Scytheclaw Raptor,LCI,The Lost Caverns of Ixalan,165,normal,uncommon,1,88702,9436cf62-56d6-4662-9982-72e9be80d25c,0.13,false,false,false,near_mint,en,false,EUR,2025-11-14T14:07:18.709Z
Belligerent Yearling,LCI,The Lost Caverns of Ixalan,133,normal,uncommon,1,88260,0b2debca-8535-4cf6-a461-c268faaacaae,0.07,false,false,false,near_mint,en,false,EUR,2025-11-14T14:07:18.709Z
Shocking Sharpshooter,TDM,Tarkir: Dragonstorm,121,normal,uncommon,1,104618,4a10342d-ca04-4d1e-bca9-79f531951a16,0.18,false,false,false,near_mint,en,false,EUR,2025-11-14T14:07:18.709Z
Free from Flesh,ONE,Phyrexia: All Will Be One,131,normal,common,1,78470,2c83600d-ea4d-4219-8dbb-34c4215a2005,0.04,false,false,false,near_mint,en,false,EUR,2025-11-14T14:07:18.709Z
Guttersnipe,RVR,Ravnica Remastered,110,normal,uncommon,1,89662,48eeb13e-26f8-4fc7-8850-d38790317ea4,0.24,false,false,false,near_mint,en,false,EUR,2025-11-14T14:07:18.709Z
Nahiri's Sacrifice,ONE,Phyrexia: All Will Be One,142,normal,uncommon,1,78721,98395039-1353-4fa8-b51d-c4e1cadf9263,0.06,false,false,false,near_mint,en,false,EUR,2025-11-14T14:07:18.709Z
Abrade,TDC,Tarkir: Dragonstorm Commander,203,normal,uncommon,1,104626,4c2a1b4e-858c-47a3-be89-9275e48d5475,0.19,false,false,false,near_mint,en,false,EUR,2025-11-14T14:07:18.709Z
Piggy Bank,DSK,Duskmourn: House of Horror,148,normal,uncommon,1,98827,55d35442-5ca0-4fd7-8ff1-b7347b3e6690,0.16,false,false,false,near_mint,en,false,EUR,2025-11-14T14:07:18.709Z
Kessig Flamebreather,VOW,Innistrad: Crimson Vow,164,normal,common,1,64150,303ad78a-b02a-44dc-afe6-7f95781a5062,3.73,false,false,false,near_mint,en,false,EUR,2025-11-14T14:07:18.709Z
Dragonspark Reactor,NEO,Kamigawa: Neon Dynasty,137,normal,uncommon,1,66715,5cf531dd-0a93-43e3-880b-f705fa5f533d,0.14,false,false,false,near_mint,en,false,EUR,2025-11-14T14:07:18.709Z
Volt Charge,ONE,Phyrexia: All Will Be One,155,normal,common,1,78630,73d74045-cc9b-4b01-bc5f-0f2eb4b01580,0.09,false,false,false,near_mint,en,false,EUR,2025-11-14T14:07:18.709Z
End the Festivities,VOW,Innistrad: Crimson Vow,155,normal,common,1,64392,bec748e6-7245-4a71-aeee-cefed8346948,1.35,false,false,false,near_mint,en,false,EUR,2025-11-14T14:07:18.709Z
Vaultguard Trooper,EOE,Edge of Eternities,166,normal,uncommon,1,107709,36afe3b1-43a2-47b4-bc0a-24efb1e2e5a0,0.05,false,false,false,near_mint,en,false,EUR,2025-11-14T14:07:18.709Z
Red Tiger Mechan,EOE,Edge of Eternities,154,normal,common,1,107139,b7b2fa48-cd2d-42ea-afd8-8cbd7a1bcdab,0.05,false,false,false,near_mint,en,false,EUR,2025-11-14T14:07:18.709Z
Ragged Playmate,DSK,Duskmourn: House of Horror,150,normal,common,1,98762,000499a4-3f39-4d25-a2a2-b2f014e30754,0.07,false,false,false,near_mint,en,false,EUR,2025-11-14T14:07:18.709Z
Fear of Being Hunted,DSK,Duskmourn: House of Horror,134,normal,uncommon,1,98881,a0a5e716-68c1-4fa0-aa08-5b08114e08d8,0.12,false,false,false,near_mint,en,false,EUR,2025-11-14T14:07:18.709Z
Pyroclasm,DSK,Duskmourn: House of Horror,149,normal,uncommon,1,98703,4391b0af-2f26-4a45-9e2a-5bd8e9838107,0.15,false,false,false,near_mint,en,false,EUR,2025-11-14T14:07:18.709Z
Weftstalker Ardent,EOE,Edge of Eternities,169,normal,uncommon,1,107165,cddb48cc-8eb1-47ce-90f0-7aad1e93e2c4,0.33,false,false,false,near_mint,en,false,EUR,2025-11-14T14:07:18.709Z
Fire Magic,FIN,Final Fantasy,136,normal,uncommon,1,105601,415ff6a5-61ef-4b37-ae08-e44476300d4a,0.89,false,false,false,near_mint,en,false,EUR,2025-11-14T14:07:18.709Z
Hungry Ridgewolf,INR,Innistrad Remastered,160,normal,common,1,102611,770fc080-ac42-4a5a-846f-6e49b4aaf4ba,0.07,false,false,false,near_mint,en,false,EUR,2025-11-14T14:07:18.709Z
Over the Top,BRO,The Brothers' War,146,normal,rare,1,75266,01eb9702-55c5-41b2-8bef-63d33dafa599,0.19,false,false,false,near_mint,en,false,EUR,2025-11-14T14:07:18.709Z
Greasewrench Goblin,DFT,Aetherdrift,132,normal,uncommon,1,103267,c8f0b123-fdb0-4f3e-ba78-fa155c227e20,0.16,false,false,false,near_mint,en,false,EUR,2025-11-14T14:07:18.709Z
"Goro-Goro, Disciple of Ryusei",NEO,Kamigawa: Neon Dynasty,145,normal,rare,1,66331,1ca736c7-35a9-48c7-b5a9-69b2a6e33ad0,0.64,false,false,false,near_mint,en,false,EUR,2025-11-14T14:07:18.709Z
Rampaging Soulrager,DSK,Duskmourn: House of Horror,151,normal,common,1,98973,569c914b-95af-428f-a142-6f20e418bc59,0.03,false,false,false,near_mint,en,false,EUR,2025-11-14T14:07:18.709Z
Seismic Wave,NEO,Kamigawa: Neon Dynasty,161,normal,uncommon,1,66827,e55b8ffb-c2e4-4676-9051-ff6c686cad0b,0.06,false,false,false,near_mint,en,false,EUR,2025-11-14T14:07:18.709Z
Rig for War,EOE,Edge of Eternities,156,normal,common,1,107710,3edd0515-dcc4-4cb5-8b54-9c00173d8a6d,0.09,false,false,false,near_mint,en,false,EUR,2025-11-14T14:07:18.709Z
Remnant Elemental,EOE,Edge of Eternities,155,normal,uncommon,1,107475,830d5532-3b24-470e-912f-f0f5df1cb530,0.08,false,false,false,near_mint,en,false,EUR,2025-11-14T14:07:18.709Z
Rumbling Rockslide,LCI,The Lost Caverns of Ixalan,163,normal,common,1,88486,4f06b53f-ec82-4d7f-bee3-6ca04583f023,0.06,false,false,false,near_mint,en,false,EUR,2025-11-14T14:07:18.709Z
Goblin Surveyor,DFT,Aetherdrift,131,normal,common,1,103313,e1efffe9-00f8-4177-a9e6-4ad62887d32f,0.07,false,false,false,near_mint,en,false,EUR,2025-11-14T14:07:18.709Z
Clamorous Ironclad,DFT,Aetherdrift,117,normal,common,1,103013,4701da52-b9c8-4ce9-9d57-53e10899f19d,0.13,false,false,false,near_mint,en,false,EUR,2025-11-14T14:07:18.709Z
Bombard,EOE,Edge of Eternities,129,normal,common,1,107698,29492df8-3077-4ded-a6e2-51d3bd4669b4,0.02,false,false,false,near_mint,en,false,EUR,2025-11-14T14:07:18.709Z
Byway Barterer,BLB,Bloomburrow,129,normal,rare,1,95981,f41fc718-641b-4f32-a8c1-3e5591a05bf8,0.16,false,false,false,near_mint,en,false,EUR,2025-11-14T14:07:18.709Z
Kuldotha Cackler,ONE,Phyrexia: All Will Be One,139,normal,common,1,78956,f7155c42-a824-4bbe-9f7a-fa01e7625fd6,0.03,false,false,false,near_mint,en,false,EUR,2025-11-14T14:07:18.709Z
Explosive Entry,NEO,Kamigawa: Neon Dynasty,139,normal,common,1,66890,7ba639ff-fe82-4ac3-9fb4-eac168bef053,0.04,false,false,false,near_mint,en,false,EUR,2025-11-14T14:07:18.709Z
Kumano Faces Kakkazan // Etching of Kumano,NEO,Kamigawa: Neon Dynasty,152,normal,uncommon,1,66663,28d92cad-45b0-479d-97fc-c175f3a3f259,0.3,false,false,false,near_mint,en,false,EUR,2025-11-14T14:07:18.709Z
Thermo-Alchemist,INR,Innistrad Remastered,174,normal,uncommon,1,102616,78b194b3-108a-4152-bd37-52c302e25ad6,0.15,false,false,false,near_mint,en,false,EUR,2025-11-14T14:07:18.709Z
Tomakul Scrapsmith,BRO,The Brothers' War,153,normal,common,1,75799,d462d30c-9060-46d6-b5b3-cac476ee2ce1,0.02,false,false,false,near_mint,en,false,EUR,2025-11-14T14:07:18.709Z
Raccoon Rallier,BLB,Bloomburrow,148,normal,common,1,96104,b5b5180f-5a1c-4df8-9019-195e65a50ce3,0.07,false,false,false,near_mint,en,false,EUR,2025-11-14T14:07:18.709Z
Dwarven Miner,MIR,Mirage,169,normal,uncommon,1,38421,b7142196-c379-4932-9402-97642ad2ebdb,1.28,false,false,false,near_mint,en,false,EUR,2025-11-14T14:07:18.709Z
"Koth, Fire of Resistance",ONE,Phyrexia: All Will Be One,138,normal,rare,1,78230,6528e012-4091-4722-b706-c51772676167,0.41,false,false,false,near_mint,en,false,EUR,2025-11-14T14:07:18.709Z
"Grenzo, Havoc Raiser",TDC,Tarkir: Dragonstorm Commander,216,normal,rare,1,104878,aba981f9-ebc6-48ac-b768-557f632b82df,0.2,false,false,false,near_mint,en,false,EUR,2025-11-14T14:07:18.709Z
Vexing Devil,INR,Innistrad Remastered,313,normal,rare,1,102831,ed1b6be2-b0bf-4fc7-b0ab-1e49c4bec87f,0.53,false,false,false,near_mint,en,false,EUR,2025-11-14T14:07:18.709Z
Crater Elemental,DTK,Dragons of Tarkir,132,normal,rare,1,11682,c4ee8d1f-00e8-44e3-b125-ef98e1461263,0.14,false,false,false,near_mint,en,false,EUR,2025-11-14T14:07:18.709Z
Mystic Denial,POR,Portal,61,normal,uncommon,1,37495,52d60f29-6da0-4ce6-9c92-96f313007271,0.22,false,false,false,near_mint,en,false,EUR,2025-11-14T14:07:18.709Z
Legion Warboss,TDC,Tarkir: Dragonstorm Commander,220,normal,rare,1,104570,3d726dff-2904-4a82-adaa-29c57a5c2aed,0.32,false,false,false,near_mint,en,false,EUR,2025-11-14T14:07:18.709Z
Purifying Dragon,MID,Innistrad: Midnight Hunt,155,normal,uncommon,1,63515,f9db384e-9555-4ccc-a305-ee448252e685,0.03,false,false,false,near_mint,en,false,EUR,2025-11-14T14:07:18.709Z
Tin Street Hooligan,GPT,Guildpact,78,normal,common,1,27517,ad525bb3-15fd-4887-a3e7-0a036258dcc7,0.18,false,false,false,near_mint,en,false,EUR,2025-11-14T14:07:18.709Z
Falkenrath Celebrants,VOW,Innistrad: Crimson Vow,306,normal,common,1,64253,6aacc8fa-9440-494b-a3d9-7b1678c5a9f6,0.04,false,false,false,near_mint,en,false,EUR,2025-11-14T14:07:18.709Z
Belligerent Guest,VOW,Innistrad: Crimson Vow,301,normal,common,1,64319,924b1c15-811a-4d11-a481-f904002a6740,0.04,false,false,false,near_mint,en,false,EUR,2025-11-14T14:07:18.709Z
Reckless Impulse,VOW,Innistrad: Crimson Vow,174,normal,common,1,64250,6943c07f-ab0d-4f5a-bbe9-c0a83dc98546,0.97,false,false,false,near_mint,en,false,EUR,2025-11-14T14:07:18.709Z
"Firion, Wild Rose Warrior",FIN,Final Fantasy,137,normal,rare,1,105673,98366937-d15b-4a66-b9f6-878d50b63871,0.4,false,false,false,near_mint,en,false,EUR,2025-11-14T14:07:18.709Z
"Gilgamesh, Master-at-Arms",FIN,Final Fantasy,139,normal,rare,1,105563,1eb81329-fb7a-4347-b96c-9960a5c48e87,0.31,false,false,false,near_mint,en,false,EUR,2025-11-14T14:07:18.709Z
"Raubahn, Bull of Ala Mhigo",FIN,Final Fantasy,151,normal,rare,1,106571,7035d11b-525f-4120-8dcb-610095196681,0.37,false,false,false,near_mint,en,false,EUR,2025-11-14T14:07:18.709Z
Summon: G.F. Cerberus,FIN,Final Fantasy,162,normal,rare,1,106653,d0e5cbd4-401b-4456-80bf-d90beadfd1f8,0.26,false,false,false,near_mint,en,false,EUR,2025-11-14T14:07:18.709Z
Underfoot Underdogs,TDM,Tarkir: Dragonstorm,129,normal,common,1,104431,049acc79-1d68-410f-a081-88a7d40e823a,0.08,false,false,false,near_mint,en,false,EUR,2025-11-14T14:07:18.709Z
Debris Field Crusher,EOE,Edge of Eternities,131,normal,uncommon,1,107197,ea713f35-6442-4388-8839-2714374fb4b6,0.08,false,false,false,near_mint,en,false,EUR,2025-11-14T14:07:18.709Z
Curator of Sun's Creation,LCI,The Lost Caverns of Ixalan,141,normal,uncommon,1,88760,a144d0b3-678d-4f4c-a9b0-22af19f5cf9f,0.08,false,false,false,near_mint,en,false,EUR,2025-11-14T14:07:18.709Z
Fuel the Flames,DFT,Aetherdrift,126,normal,uncommon,1,103517,624335fb-8a0b-4fa9-aefb-60ac641a7934,0.1,false,false,false,near_mint,en,false,EUR,2025-11-14T14:07:18.709Z
Magmakin Artillerist,DFT,Aetherdrift,137,normal,common,1,103454,2ac26341-a100-424d-be84-33fbbf1b4078,0.14,false,false,false,near_mint,en,false,EUR,2025-11-14T14:07:18.709Z
Endrider Spikespitter,DFT,Aetherdrift,125,normal,uncommon,1,103499,4e58cb18-f216-4248-8f0d-65b0263c5c28,0.1,false,false,false,near_mint,en,false,EUR,2025-11-14T14:07:18.709Z
Infernal Phantom,DSK,Duskmourn: House of Horror,141,normal,uncommon,1,98678,f0c5999f-a185-4fc7-86fa-c4e5b091e768,0.05,false,false,false,near_mint,en,false,EUR,2025-11-14T14:07:18.709Z
Cacophony Scamp,ONE,Phyrexia: All Will Be One,124,normal,uncommon,1,78489,3553dcef-7b99-49d5-b071-06b894696952,0.22,false,false,false,near_mint,en,false,EUR,2025-11-14T14:07:18.709Z
Daring Discovery,LCI,The Lost Caverns of Ixalan,142,normal,common,1,88943,d95018a4-be10-4c46-b14d-4b1eba838bc0,0.04,false,false,false,near_mint,en,false,EUR,2025-11-14T14:07:18.709Z
Child of the Volcano,LCI,The Lost Caverns of Ixalan,140,normal,common,1,88997,e964f026-9cbf-4fa2-acdc-60d19b88f183,0.05,false,false,false,near_mint,en,false,EUR,2025-11-14T14:07:18.709Z
Beetleback Chief,TDC,Tarkir: Dragonstorm Commander,205,normal,uncommon,1,104522,2d19a474-b008-4088-8a31-333c0b2d9d65,0.2,false,false,false,near_mint,en,false,EUR,2025-11-14T14:07:18.709Z
Siege-Gang Commander,TDC,Tarkir: Dragonstorm Commander,232,normal,rare,1,104851,a2d3ddb9-ddfb-4ca9-ae77-cf691d385a4a,0.17,false,false,false,near_mint,en,false,EUR,2025-11-14T14:07:18.709Z
Full Bore,EOE,Edge of Eternities,135,normal,uncommon,1,107549,cfee64ef-d22d-4024-bc65-59cbd1731d1c,0.11,false,false,false,near_mint,en,false,EUR,2025-11-14T14:07:18.709Z
Vicious Clown,DSK,Duskmourn: House of Horror,163,normal,common,1,98780,12649f73-9d29-4eed-bc89-cc0d1a8969e3,0.06,false,false,false,near_mint,en,false,EUR,2025-11-14T14:07:18.709Z
Sazacap's Brew,BLB,Bloomburrow,151,normal,common,1,96330,6d963080-b3ec-467d-82f7-39db6ecd6bbc,0.04,false,false,false,near_mint,en,false,EUR,2025-11-14T14:07:18.709Z
Plundering Pirate,LCI,The Lost Caverns of Ixalan,160,normal,common,1,88525,5bb2552f-8370-4931-83e1-93706d51413a,0.05,false,false,false,near_mint,en,false,EUR,2025-11-14T14:07:18.709Z
Might of the Meek,BLB,Bloomburrow,144,normal,common,1,95627,509bf254-8a2b-4dfa-9ae5-386321b35e8b,0.13,false,false,false,near_mint,en,false,EUR,2025-11-14T14:07:18.709Z
Quaketusk Boar,BLB,Bloomburrow,146,normal,uncommon,1,95869,2f2b7fd3-a139-49ea-8a89-b64261e868ef,0.07,false,false,false,near_mint,en,false,EUR,2025-11-14T14:07:18.709Z
Gleeful Demolition,ONE,Phyrexia: All Will Be One,134,normal,uncommon,1,78745,a3e4efa6-5783-4a51-99c6-116d1a8f01cf,0.32,false,false,false,near_mint,en,false,EUR,2025-11-14T14:07:18.709Z
Forgehammer Centurion,ONE,Phyrexia: All Will Be One,130,normal,common,1,78833,c4c2c914-e9a7-450b-88d9-8885fe0f6643,0.04,false,false,false,near_mint,en,false,EUR,2025-11-14T14:07:18.709Z
Agate Assault,BLB,Bloomburrow,122,normal,common,1,96066,7dd9946b-515e-4e0d-9da2-711e126e9fa6,0.06,false,false,false,near_mint,en,false,EUR,2025-11-14T14:07:18.709Z
Shrapnel Slinger,ONE,Phyrexia: All Will Be One,148,normal,common,1,78751,a6147bdc-4e02-48be-9ab9-c212f70d9194,0.07,false,false,false,near_mint,en,false,EUR,2025-11-14T14:07:18.709Z
About Face,ULG,Urza's Legacy,73,normal,common,1,35447,85e71828-095b-4729-ab11-c6c39ba29aab,0.17,false,false,false,near_mint,en,false,EUR,2025-11-14T14:07:18.709Z
Daybreak Combatants,VOW,Innistrad: Crimson Vow,153,normal,common,1,64296,8697a861-0f67-4ed3-bed8-f264fc78565e,0.03,false,false,false,near_mint,en,false,EUR,2025-11-14T14:07:18.709Z
Molten Exhale,TDM,Tarkir: Dragonstorm,113,normal,common,3,104440,0ab95aab-a4bf-4131-83a0-2c138b6f20c3,0.06,false,false,false,near_mint,en,false,EUR,2025-11-14T14:07:18.709Z
Kavaron Turbodrone,EOE,Edge of Eternities,141,normal,common,3,107788,f5e92cdd-75df-499e-94f7-22287f1000b3,0.03,false,false,false,near_mint,en,false,EUR,2025-11-14T14:07:18.709Z
Diversion Specialist,DSK,Duskmourn: House of Horror,132,normal,uncommon,3,98895,acc9b17c-4210-49f4-a920-b1dc9dfa950f,0.03,false,false,false,near_mint,en,false,EUR,2025-11-14T14:07:18.709Z
Kickoff Celebrations,DFT,Aetherdrift,135,normal,common,3,103498,4e5590e1-0ac0-4bdd-815b-136bf24ced03,0.11,false,false,false,near_mint,en,false,EUR,2025-11-14T14:07:18.709Z
Warrior's Sword,FIN,Final Fantasy,169,normal,common,3,106296,cb98a7dd-542e-4448-b3bb-ff5d67a36535,0.06,false,false,false,near_mint,en,false,EUR,2025-11-14T14:07:18.709Z
Invasive Maneuvers,EOE,Edge of Eternities,137,normal,uncommon,2,107524,b68010e2-7810-43cb-a52e-e73b1834e54e,0.06,false,false,false,near_mint,en,false,EUR,2025-11-14T14:07:18.709Z
Tectonic Hazard,LCI,The Lost Caverns of Ixalan,169,normal,common,4,88496,5204c781-f568-4c7f-b3f7-ce4dd678689b,0.22,false,false,false,near_mint,en,false,EUR,2025-11-14T14:07:18.709Z
Dreadmaw's Ire,LCI,The Lost Caverns of Ixalan,147,normal,uncommon,2,88239,062e00a1-f1dc-4089-b640-800ab781c590,0.14,false,false,false,near_mint,en,false,EUR,2025-11-14T14:07:18.709Z
Red Mage's Rapier,FIN,Final Fantasy,152,normal,common,2,106669,e0579955-75f9-47a9-8b03-e287d120826a,0.09,false,false,false,near_mint,en,false,EUR,2025-11-14T14:07:18.709Z
Light of Judgment,FIN,Final Fantasy,144,normal,common,4,106600,98bb716d-ca66-445f-9cb3-0fc656c8ebff,0.05,false,false,false,near_mint,en,false,EUR,2025-11-14T14:07:18.709Z
Jeskai Devotee,TDM,Tarkir: Dragonstorm,110,normal,common,3,104257,27f31f9c-7149-4608-9b18-b3530a2efd4a,0.02,false,false,false,near_mint,en,false,EUR,2025-11-14T14:07:18.709Z
Sabotender,FIN,Final Fantasy,153,normal,common,4,106513,12df1295-8b08-4c8e-bac9-55b4f514c0be,0.12,false,false,false,near_mint,en,false,EUR,2025-11-14T14:07:18.709Z
Scorching Dragonfire,DSK,Duskmourn: House of Horror,156,normal,common,4,99284,a55f4f37-796a-4b18-a5ee-1d4f711f19b8,0.06,false,false,false,near_mint,en,false,EUR,2025-11-14T14:07:18.709Z
Ripchain Razorkin,DSK,Duskmourn: House of Horror,154,normal,common,2,99402,effad662-3309-434c-addc-4394db1f359c,0.05,false,false,false,near_mint,en,false,EUR,2025-11-14T14:07:18.709Z
Grab the Prize,DSK,Duskmourn: House of Horror,138,normal,common,2,98823,50895202-f1a1-4840-a11a-55b78b8b5929,0.28,false,false,false,near_mint,en,false,EUR,2025-11-14T14:07:18.709Z
Hand That Feeds,DSK,Duskmourn: House of Horror,139,normal,common,2,98798,297c2860-5a68-4a18-a23a-ca5cfdfbcac8,0.02,false,false,false,near_mint,en,false,EUR,2025-11-14T14:07:18.709Z
Nebula Dragon,EOE,Edge of Eternities,147,normal,common,2,107692,0ee509dd-9fba-4b6d-a9d4-cc8bf5822ddd,0.02,false,false,false,near_mint,en,false,EUR,2025-11-14T14:07:18.709Z
Meticulous Artisan,TDM,Tarkir: Dragonstorm,112,normal,common,2,104912,baf4c9dd-0546-41ac-a7ba-0bc312fef31e,0.02,false,false,false,near_mint,en,false,EUR,2025-11-14T14:07:18.709Z
Suplex,FIN,Final Fantasy,164,normal,common,4,106376,f61693a2-7042-44e0-85ba-9bf12ab94e7e,0.1,false,false,false,near_mint,en,false,EUR,2025-11-14T14:07:18.709Z
Kindlespark Duo,BLB,Bloomburrow,142,normal,common,2,96096,a839fba3-1b66-4dd1-bf43-9b015b44fc81,0.15,false,false,false,near_mint,en,false,EUR,2025-11-14T14:07:18.709Z
Thunder Magic,FIN,Final Fantasy,165,normal,common,2,106610,9f2b202c-91da-40ec-8324-6b6be7cb3bc8,0.06,false,false,false,near_mint,en,false,EUR,2025-11-14T14:07:18.709Z
Laughing Mad,FIN,Final Fantasy,143,normal,common,3,106168,cd5b9daf-6325-4eb4-a069-4a8cc7807884,0.07,false,false,false,near_mint,en,false,EUR,2025-11-14T14:07:18.709Z
Shock Brigade,TDM,Tarkir: Dragonstorm,120,normal,common,3,104700,66940466-8e9d-4a85-bfb0-e92189b7a121,0.1,false,false,false,near_mint,en,false,EUR,2025-11-14T14:07:18.709Z
Blazing Bomb,FIN,Final Fantasy,130,normal,common,3,106573,70f47277-ca47-428a-808f-0fb32e820a71,0.05,false,false,false,near_mint,en,false,EUR,2025-11-14T14:07:18.709Z
Haste Magic,FIN,Final Fantasy,140,normal,common,7,106402,3af9d100-70ee-4c6c-a762-11a0c4f3ef6f,0.1,false,false,false,near_mint,en,false,EUR,2025-11-14T14:07:18.709Z
Call the Mountain Chocobo,FIN,Final Fantasy,131,normal,common,5,106633,b2e1986c-2852-4843-bdc4-eddb727ba3d4,0.03,false,false,false,near_mint,en,false,EUR,2025-11-14T14:07:18.709Z
Kami of Industry,NEO,Kamigawa: Neon Dynasty,149,normal,common,2,66809,d3d00e61-3007-43da-960b-823e9ead2acf,0.05,false,false,false,near_mint,en,false,EUR,2025-11-14T14:07:18.709Z
Barret Wallace,FIN,Final Fantasy,129,normal,uncommon,4,105840,1a504dff-5857-4a61-ab99-616d5df7cf5a,0.06,false,false,false,near_mint,en,false,EUR,2025-11-14T14:07:18.709Z
Rescue Leopard,TDM,Tarkir: Dragonstorm,116,normal,common,2,105119,056136a8-84be-477c-b654-63238fb8236e,0.05,false,false,false,near_mint,en,false,EUR,2025-11-14T14:07:18.709Z
"Norin, Swift Survivalist",DSK,Duskmourn: House of Horror,145,normal,uncommon,2,98624,49f0fdf4-3881-4327-924f-2c1b67ccda93,0.1,false,false,false,near_mint,en,false,EUR,2025-11-14T14:07:18.709Z
Pyre Spawn,VOW,Innistrad: Crimson Vow,173,normal,common,2,64286,80255777-de00-4ffa-a8a0-f522bf4198fb,0.06,false,false,false,near_mint,en,false,EUR,2025-11-14T14:07:18.709Z
Hill Gigas,FIN,Final Fantasy,141,normal,common,4,106529,2a8b3e1e-5c10-4360-ac1c-83b2e026278c,0.04,false,false,false,near_mint,en,false,EUR,2025-11-14T14:07:18.709Z
Cobblebrute,ORI,Magic Origins,138,normal,common,2,10804,ffa87a70-c9fb-4ab3-ac16-367888aa775b,0.02,false,false,false,near_mint,en,false,EUR,2025-11-14T14:07:18.709Z
Prompto Argentum,FIN,Final Fantasy,148,normal,uncommon,3,106546,4c617bcd-05f8-40c2-bb38-489bc863ce6b,0.11,false,false,false,near_mint,en,false,EUR,2025-11-14T14:07:18.709Z
Seize Opportunity,TDM,Tarkir: Dragonstorm,119,normal,common,2,104391,f7818d28-b9a5-4341-9adc-666070b8878d,0.03,false,false,false,near_mint,en,false,EUR,2025-11-14T14:07:18.709Z
Slagdrill Scrapper,EOE,Edge of Eternities,160,normal,common,2,107694,155dcf54-8fdb-4715-97dc-4eb5d3d80d78,0.06,false,false,false,near_mint,en,false,EUR,2025-11-14T14:07:18.709Z
Most Valuable Slayer,DSK,Duskmourn: House of Horror,144,normal,common,2,98910,c2b7b635-4c72-4129-bf95-1eef05cce3d3,0.04,false,false,false,near_mint,en,false,EUR,2025-11-14T14:07:18.709Z
Terrapact Intimidator,EOE,Edge of Eternities,164,normal,uncommon,2,106957,13fe3358-fd68-4245-a2ad-aa9200cf4655,0.12,false,false,false,near_mint,en,false,EUR,2025-11-14T14:07:18.709Z
Impossible Inferno,DSK,Duskmourn: House of Horror,140,normal,common,2,98885,a35248f9-9a4e-4758-a4c1-0e0c83e3fd75,0.02,false,false,false,near_mint,en,false,EUR,2025-11-14T14:07:18.709Z
Bedhead Beastie,DSK,Duskmourn: House of Horror,125,normal,common,3,99216,77c72b5b-dd81-4eb4-80d9-a0124e27e1dc,0.05,false,false,false,near_mint,en,false,EUR,2025-11-14T14:07:18.709Z
Rite of the Dragoncaller,FDN,Foundations,92,normal,mythic,2,101536,673e4561-8dfd-46db-b492-878009666ac7,3.22,false,false,false,near_mint,en,false,EUR,2025-11-14T14:07:18.709Z
Devoted Duelist,TDM,Tarkir: Dragonstorm,104,normal,common,2,104354,bbf9c673-37b4-48ed-a9ea-13f8e3e6c47b,0.11,false,false,false,near_mint,en,false,EUR,2025-11-14T14:07:18.709Z
Unstoppable Ogre,NEO,Kamigawa: Neon Dynasty,169,normal,common,2,66385,719f20d9-2baa-49b3-8c6a-89f21a07d538,0.09,false,false,false,near_mint,en,false,EUR,2025-11-14T14:07:18.709Z
Item Shopkeep,FIN,Final Fantasy,142,normal,common,5,106293,bd2db3f5-fd0d-4817-af90-6bea1f07e16b,0.02,false,false,false,near_mint,en,false,EUR,2025-11-14T14:07:18.709Z
Panicked Altisaur,LCI,The Lost Caverns of Ixalan,159,normal,common,2,88807,ad371c97-a266-4a88-9d28-2e889a37ba00,0.05,false,false,false,near_mint,en,false,EUR,2025-11-14T14:07:18.709Z
Fire-Rim Form,TDM,Tarkir: Dragonstorm,107,normal,common,2,104537,32dc1bf4-a135-449f-848f-361a5360fae1,0.05,false,false,false,near_mint,en,false,EUR,2025-11-14T14:07:18.709Z
"Sidequest: Play Blitzball // World Champion, Celestial Weapon",FIN,Final Fantasy,158,normal,uncommon,2,106401,31e2ad37-73cf-4858-8a3a-fc1165cd21a7,0.08,false,false,false,near_mint,en,false,EUR,2025-11-14T14:07:18.709Z
Frontline War-Rager,EOE,Edge of Eternities,134,normal,common,3,107789,fa232943-818b-4944-be60-2d80c806bf62,0.03,false,false,false,near_mint,en,false,EUR,2025-11-14T14:07:18.709Z
Kav Landseeker,EOE,Edge of Eternities,138,normal,common,2,107065,7a5a7e89-50e3-43cb-af93-d7d80a630c11,0.08,false,false,false,near_mint,en,false,EUR,2025-11-14T14:07:18.709Z
Mysidian Elder,FIN,Final Fantasy,145,normal,common,2,106566,6bc39af4-be19-4889-b930-df7ebf7b9481,0.12,false,false,false,near_mint,en,false,EUR,2025-11-14T14:07:18.709Z
Iridescent Tiger,TDM,Tarkir: Dragonstorm,109,normal,uncommon,2,105170,e3abbc8b-2bf8-478e-a541-f8019d150054,0.09,false,false,false,near_mint,en,false,EUR,2025-11-14T14:07:18.709Z
Idol of the Deep King // Sovereign's Macuahuitl,LCI,The Lost Caverns of Ixalan,155,normal,common,2,88917,d1d8d8ef-c8b2-4e7c-89e4-b381dff20584,0.05,false,false,false,near_mint,en,false,EUR,2025-11-14T14:07:18.709Z
Blood Petal Celebrant,INR,Innistrad Remastered,144,normal,common,2,102686,96db3d95-c0b8-42ff-956c-837f5f9cd40d,0.03,false,false,false,near_mint,en,false,EUR,2025-11-14T14:07:18.709Z
Ancestral Anger,INR,Innistrad Remastered,141,normal,common,2,102837,eeaca66d-23bd-4e8f-8d4a-c5864dd447be,0.09,false,false,false,near_mint,en,false,EUR,2025-11-14T14:07:18.709Z
Coral Sword,FIN,Final Fantasy,134,normal,uncommon,2,106400,13e81e32-7246-46b9-872e-cde77cedd197,0.11,false,false,false,near_mint,en,false,EUR,2025-11-14T14:07:18.709Z
Vulshok Splitter,ONE,Phyrexia: All Will Be One,156,normal,common,2,78939,f05078dd-b928-4b3f-9636-f299ebac180b,0.09,false,false,false,near_mint,en,false,EUR,2025-11-14T14:07:18.709Z
Orbital Plunge,EOE,Edge of Eternities,149,normal,common,4,107703,2dc7cc17-5319-4694-99c6-8c56a0b40a44,0.05,false,false,false,near_mint,en,false,EUR,2025-11-14T14:07:18.709Z
Summon: G.F. Ifrit,FIN,Final Fantasy,163,normal,common,2,106648,c6c73092-5195-4bdc-b039-a699f6e297b2,0.05,false,false,false,near_mint,en,false,EUR,2025-11-14T14:07:18.709Z
Stormshriek Feral // Flush Out,TDM,Tarkir: Dragonstorm,304,normal,common,2,104535,322e4880-f3f0-44d8-8f95-48b496af0e81,0.14,false,false,false,near_mint,en,false,EUR,2025-11-14T14:07:18.709Z
Kavaron Skywarden,EOE,Edge of Eternities,140,normal,common,2,107726,617038a8-0544-4d0e-8ff1-c786e60ecd59,0.04,false,false,false,near_mint,en,false,EUR,2025-11-14T14:07:18.709Z
Zookeeper Mechan,EOE,Edge of Eternities,170,normal,common,3,107744,8d5cd0be-4337-4aba-a4f6-5adab7735a73,0.09,false,false,false,near_mint,en,false,EUR,2025-11-14T14:07:18.709Z
Galvanizing Sawship,EOE,Edge of Eternities,136,normal,uncommon,2,107273,5bbce9fb-401f-4e78-acd5-9d3b506687fd,0.09,false,false,false,near_mint,en,false,EUR,2025-11-14T14:07:18.709Z
"Vanille, Cheerful l'Cie",FIN,Final Fantasy,211,normal,uncommon,1,105667,91226c1a-63a0-494e-bcf0-77c2d6f49213,0.13,false,false,false,near_mint,en,false,EUR,2025-11-14T14:07:18.709Z
Galuf's Final Act,FIN,Final Fantasy,186,normal,uncommon,1,106266,0ce05634-6c01-4941-a135-904cb4e33ac4,0.09,false,false,false,near_mint,en,false,EUR,2025-11-14T14:07:18.709Z
Clash of the Eikons,FIN,Final Fantasy,180,normal,uncommon,1,106577,75c18134-f517-4a68-8640-0426b3cd4f6c,0.12,false,false,false,near_mint,en,false,EUR,2025-11-14T14:07:18.709Z
Slavering Branchsnapper,DSK,Duskmourn: House of Horror,198,normal,common,1,98709,5ed7ca4d-5895-4074-8315-656363d14862,0.07,false,false,false,near_mint,en,false,EUR,2025-11-14T14:07:18.709Z
Primal Boost,DMR,Dominaria Remastered,173,normal,common,1,77916,59f93eb0-cb0c-4ee0-8006-3d3c7515d254,0.02,false,false,false,near_mint,en,false,EUR,2025-11-14T14:07:18.709Z
Kavu Primarch,DMR,Dominaria Remastered,167,normal,common,1,78192,f53cbda8-805f-42a4-aba4-9939b08e37ca,0.04,false,false,false,near_mint,en,false,EUR,2025-11-14T14:07:18.709Z
Drudge Beetle,RVR,Ravnica Remastered,136,normal,common,1,89801,91df915e-3cc6-4f24-aaaf-db8f015127a6,0.02,false,false,false,near_mint,en,false,EUR,2025-11-14T14:07:18.709Z
Towering Indrik,RTR,Return to Ravnica,137,normal,common,1,17285,c6049e92-6c52-44be-a3c7-aa8e8bf9c10a,0.02,false,false,false,near_mint,en,false,EUR,2025-11-14T14:07:18.709Z
Rubbleback Rhino,RTR,Return to Ravnica,132,normal,common,1,17290,51daaf9b-d8a8-49a6-94e1-0c8be2c6188b,0.09,false,false,false,near_mint,en,false,EUR,2025-11-14T14:07:18.709Z
Sultai Devotee,TDM,Tarkir: Dragonstorm,160,normal,common,1,104358,c32487e9-f3ac-472e-b6ea-81bd9254770c,0.05,false,false,false,near_mint,en,false,EUR,2025-11-14T14:07:18.709Z
Jukai Trainee,NEO,Kamigawa: Neon Dynasty,196,normal,common,1,66897,8be526cd-1480-4661-a05b-e004d7b4656c,0.03,false,false,false,near_mint,en,false,EUR,2025-11-14T14:07:18.709Z
Favor of Jukai,NEO,Kamigawa: Neon Dynasty,184,normal,common,1,66851,1013266a-81f4-4441-8dcf-2764d14afceb,0.06,false,false,false,near_mint,en,false,EUR,2025-11-14T14:07:18.709Z
Sagu Pummeler,TDM,Tarkir: Dragonstorm,156,normal,common,1,105169,def9cb5b-4062-481e-b682-3a30443c2e56,0.02,false,false,false,near_mint,en,false,EUR,2025-11-14T14:07:18.709Z
Pathfinding Axejaw,LCI,The Lost Caverns of Ixalan,206,normal,common,1,88746,9f619075-ca5d-4e09-bd84-31e6b61eaa7e,0.04,false,false,false,near_mint,en,false,EUR,2025-11-14T14:07:18.709Z
Malamet Veteran,LCI,The Lost Caverns of Ixalan,201,normal,common,1,88473,4b9b16b3-1cbd-4b63-85b2-e4053dfc1e93,0.03,false,false,false,near_mint,en,false,EUR,2025-11-14T14:07:18.709Z
Loxodon Surveyor,DFT,Aetherdrift,167,normal,common,1,103632,cd1cecb1-6776-4495-be56-b7dde65453f1,0.05,false,false,false,near_mint,en,false,EUR,2025-11-14T14:07:18.709Z
Stampeding Scurryfoot,DFT,Aetherdrift,181,normal,common,1,103551,7fc713d7-4a7e-4f1f-b461-e89bb1457d7d,0.05,false,false,false,near_mint,en,false,EUR,2025-11-14T14:07:18.709Z
Autarch Mammoth,DFT,Aetherdrift,153,normal,uncommon,1,103033,4d313ea7-2456-48f3-8b12-97d8e8c2a5b3,0.06,false,false,false,near_mint,en,false,EUR,2025-11-14T14:07:18.709Z
Rustvine Cultivator,ONE,Phyrexia: All Will Be One,181,normal,common,1,78606,6b71fd8f-e688-4210-bc5b-a3f19b5b3497,0.06,false,false,false,near_mint,en,false,EUR,2025-11-14T14:07:18.709Z
Noxious Assault,ONE,Phyrexia: All Will Be One,176,normal,uncommon,1,78712,9649de6c-a9f7-4f0a-8bf7-cacaea60ed54,0.14,false,false,false,near_mint,en,false,EUR,2025-11-14T14:07:18.709Z
Jukai Preserver,NEO,Kamigawa: Neon Dynasty,195,normal,common,1,66924,e66120a5-95a3-4d15-873c-cfba221a2299,0.1,false,false,false,near_mint,en,false,EUR,2025-11-14T14:07:18.709Z
Over the Edge,LCI,The Lost Caverns of Ixalan,205,normal,common,1,88342,23dddddb-5409-4c28-bf32-e6473f2cc620,0.09,false,false,false,near_mint,en,false,EUR,2025-11-14T14:07:18.709Z
Historian's Wisdom,NEO,Kamigawa: Neon Dynasty,192,normal,uncommon,1,66574,941f91bb-f5a3-4cca-85b5-b610502460bb,0.14,false,false,false,near_mint,en,false,EUR,2025-11-14T14:07:18.709Z
Boon of Boseiju,NEO,Kamigawa: Neon Dynasty,176,normal,uncommon,1,66633,06771591-0480-4232-bc67-216b2e0fe738,0.06,false,false,false,near_mint,en,false,EUR,2025-11-14T14:07:18.709Z
Thrashing Brontodon,LCI,The Lost Caverns of Ixalan,216,normal,uncommon,1,88930,d52ef7c1-dacb-4204-b64e-5fa3ae3b1ace,0.06,false,false,false,near_mint,en,false,EUR,2025-11-14T14:07:18.709Z
Commune with Spirits,NEO,Kamigawa: Neon Dynasty,180,normal,common,1,66899,a35ff4dd-bad3-4496-82b3-8253f48af06d,0.1,false,false,false,near_mint,en,false,EUR,2025-11-14T14:07:18.709Z
Pothole Mole,DFT,Aetherdrift,176,normal,common,1,103442,21c7b59f-fdae-4a11-9784-497a8165d75a,0.04,false,false,false,near_mint,en,false,EUR,2025-11-14T14:07:18.709Z
Lasyd Prowler,TDM,Tarkir: Dragonstorm,149,normal,rare,1,104947,c7f5c8ef-8e9e-4264-a7d2-126a30a5d341,0.14,false,false,false,near_mint,en,false,EUR,2025-11-14T14:07:18.709Z
Urban Burgeoning,RTR,Return to Ravnica,138,normal,common,1,17284,393c230f-5bc3-4b71-b5ac-81d5ce227df5,0.13,false,false,false,near_mint,en,false,EUR,2025-11-14T14:07:18.709Z
Gatecreeper Vine,DDM,Duel Decks: Jace vs. Vraska,48,normal,common,1,14702,e1ebaed7-b3d5-4eb8-93f7-3a65fd7b89b6,0.35,false,false,false,near_mint,en,false,EUR,2025-11-14T14:07:18.709Z
Disruptive Stormbrood // Petty Revenge,TDM,Tarkir: Dragonstorm,178,normal,uncommon,1,104920,bd78e8ae-e927-40e7-9580-966c5e81f53c,0.12,false,false,false,near_mint,en,false,EUR,2025-11-14T14:07:18.709Z
Attuned Hunter,TDM,Tarkir: Dragonstorm,135,normal,uncommon,1,104977,d1a4f502-86a9-49fb-9cb9-7918d13c5313,0.04,false,false,false,near_mint,en,false,EUR,2025-11-14T14:07:18.709Z
Flesh Burrower,DSK,Duskmourn: House of Horror,178,normal,common,1,98831,60499c90-a512-4abb-98eb-0735a7138421,0.1,false,false,false,near_mint,en,false,EUR,2025-11-14T14:07:18.709Z
Thrashing Brontodon,LCI,The Lost Caverns of Ixalan,329,normal,uncommon,1,88480,4cb1c91a-398c-437a-9a77-5b8515fc3ef2,0.07,false,false,false,near_mint,en,false,EUR,2025-11-14T14:07:18.709Z
Evolving Adaptive,ONE,Phyrexia: All Will Be One,167,normal,uncommon,1,78407,13366c60-1200-4ad2-bbf4-77596121fcd2,0.13,false,false,false,near_mint,en,false,EUR,2025-11-14T14:07:18.709Z
Adaptive Sporesinger,ONE,Phyrexia: All Will Be One,157,normal,common,1,78514,3db6d202-9c6f-4485-9224-173b23de7054,0.1,false,false,false,near_mint,en,false,EUR,2025-11-14T14:07:18.709Z
Contagious Vorrac,ONE,Phyrexia: All Will Be One,164,normal,common,1,78425,18af2c85-e58f-4043-99d3-e90121348aca,0.06,false,false,false,near_mint,en,false,EUR,2025-11-14T14:07:18.709Z
Tifa's Limit Break,FIN,Final Fantasy,207,normal,uncommon,1,106524,24d6eab7-22bd-494f-8cbe-204446f24be9,0.23,false,false,false,near_mint,en,false,EUR,2025-11-14T14:07:18.709Z
Clifftop Lookout,BLB,Bloomburrow,168,normal,uncommon,1,95931,662d3bcc-65f3-4c69-8ea1-446870a1193d,0.18,false,false,false,near_mint,en,false,EUR,2025-11-14T14:07:18.709Z
"Multani, Yavimaya's Avatar",EOC,Edge of Eternities Commander,100,normal,mythic,1,107152,c37a0136-1c40-4cd1-8787-a25c377c1741,0.23,false,false,false,near_mint,en,false,EUR,2025-11-14T14:07:18.709Z
Greater Tanuki,DSC,Duskmourn: House of Horror Commander,181,normal,common,1,99184,65a193bb-22f3-4732-93cd-877cd8c8417c,0.11,false,false,false,near_mint,en,false,EUR,2025-11-14T14:07:18.709Z
Drix Fatemaker,EOE,Edge of Eternities,178,normal,common,1,107381,1beb7566-305e-4091-bdc4-cf4c789ac05a,0.07,false,false,false,near_mint,en,false,EUR,2025-11-14T14:07:18.709Z
A Realm Reborn,FIN,Final Fantasy,196,normal,rare,1,105721,d1af74e4-38d5-44b5-85e1-4d13f6970453,0.26,false,false,false,near_mint,en,false,EUR,2025-11-14T14:07:18.709Z
Biosynthic Burst,EOE,Edge of Eternities,173,normal,common,1,107732,6d73a4a8-5d52-4c12-a96a-45cd202bcc62,0.1,false,false,false,near_mint,en,false,EUR,2025-11-14T14:07:18.709Z
Overgrown Zealot,DSK,Duskmourn: House of Horror,193,normal,uncommon,1,98874,96d68d29-499a-4864-be18-bd98fda0d173,0.15,false,false,false,near_mint,en,false,EUR,2025-11-14T14:07:18.709Z
Fang of Shigeki,NEO,Kamigawa: Neon Dynasty,347,normal,common,1,66576,94c8e2d5-2706-4137-bfdc-d65f1cd33bda,0.14,false,false,false,near_mint,en,false,EUR,2025-11-14T14:07:18.709Z
Spineseeker Centipede,DSK,Duskmourn: House of Horror,199,normal,common,1,98904,b50d697c-8358-429b-8f79-7ad9d01a5edd,0.03,false,false,false,near_mint,en,false,EUR,2025-11-14T14:07:18.709Z
Eusocial Engineering,EOE,Edge of Eternities,181,normal,uncommon,1,106940,011bd7d8-6d60-482a-91b7-d3f0aad13b71,0.18,false,false,false,near_mint,en,false,EUR,2025-11-14T14:07:18.709Z
Somberwald Sage,INR,Innistrad Remastered,418,normal,uncommon,1,102609,76c27566-a1a0-4a45-a5ed-34da78388667,0.4,false,false,false,near_mint,en,false,EUR,2025-11-14T14:07:18.709Z
Somberwald Sage,INR,Innistrad Remastered,215,normal,uncommon,1,102694,9d8dfef3-4c87-4eb8-b0d4-8f8485de792c,0.3,false,false,false,near_mint,en,false,EUR,2025-11-14T14:07:18.709Z
Beanstalk Giant // Fertile Footsteps,DSC,Duskmourn: House of Horror Commander,172,normal,uncommon,1,99204,71096773-69dd-4fb7-a088-e0fe096eaf6b,0.11,false,false,false,near_mint,en,false,EUR,2025-11-14T14:07:18.709Z
Edge Rover,EOE,Edge of Eternities,179,normal,uncommon,1,107489,90741ec9-6893-42d4-b510-8664666094e3,0.13,false,false,false,near_mint,en,false,EUR,2025-11-14T14:07:18.709Z
Chocobo Racetrack,FIN,Final Fantasy,179,normal,uncommon,1,106516,1565813b-6912-42f4-bae0-22136a2d6a92,0.17,false,false,false,near_mint,en,false,EUR,2025-11-14T14:07:18.709Z
Colossadactyl,LCI,The Lost Caverns of Ixalan,180,normal,uncommon,1,88660,8702e776-be2c-48a9-9bc5-bb8ea514333b,0.04,false,false,false,near_mint,en,false,EUR,2025-11-14T14:07:18.709Z
Tamiyo's Safekeeping,NEO,Kamigawa: Neon Dynasty,211,normal,common,1,66930,fd4b7ee2-de65-4288-872d-486065a4f226,2.53,false,false,false,near_mint,en,false,EUR,2025-11-14T14:07:18.709Z
Ezuri's Predation,DSC,Duskmourn: House of Horror Commander,178,normal,rare,1,99265,9a6cd6f6-ae6e-4a77-95ca-64c6882357d5,0.63,false,false,false,near_mint,en,false,EUR,2025-11-14T14:07:18.709Z
Sagu Wildling // Roost Seek,TDM,Tarkir: Dragonstorm,306,normal,common,1,104903,b72ee8f9-5e79-4f77-ae7e-e4c274f78187,0.37,false,false,false,near_mint,en,false,EUR,2025-11-14T14:07:18.709Z
Giant Growth,BBD,Battlebond,200,normal,common,1,1793,9a487199-3ecc-4b22-9379-1be1f8406490,0.04,false,false,false,near_mint,en,false,EUR,2025-11-14T14:07:18.709Z
Natural End,M20,Core Set 2020,183,normal,common,1,45278,84dcd314-f4d2-461e-a66e-7b1d8f141879,0.05,false,false,false,near_mint,en,false,EUR,2025-11-14T14:07:18.709Z
Broodguard Elite,EOE,Edge of Eternities,175,normal,uncommon,1,106945,08b1d019-65ab-4dea-9076-041fd6338a35,0.12,false,false,false,near_mint,en,false,EUR,2025-11-14T14:07:18.709Z
Titanic Growth,ONE,Phyrexia: All Will Be One,187,normal,common,1,78491,3583ea03-525f-4c70-9d7e-ccc6002ee9e1,0.04,false,false,false,near_mint,en,false,EUR,2025-11-14T14:07:18.709Z
Ride the Shoopuf,FIN,Final Fantasy,197,normal,uncommon,1,106518,19ad36d6-8bf4-490c-9980-b98a470af892,0.16,false,false,false,near_mint,en,false,EUR,2025-11-14T14:07:18.709Z
Piercing Exhale,TDM,Tarkir: Dragonstorm,151,normal,common,1,104891,b2a0deb9-5bc3-42d5-9e1e-5f463d176aef,0.08,false,false,false,near_mint,en,false,EUR,2025-11-14T14:07:18.709Z
Heir of the Ancient Fang,NEO,Kamigawa: Neon Dynasty,191,normal,common,1,66611,d45daa56-6ad8-4df7-9d81-3193fd32e574,0.03,false,false,false,near_mint,en,false,EUR,2025-11-14T14:07:18.709Z
Bamboo Grove Archer,NEO,Kamigawa: Neon Dynasty,173,normal,common,1,66407,8b43bb9f-1b84-41cc-a4f9-5875ae6d207c,0.12,false,false,false,near_mint,en,false,EUR,2025-11-14T14:07:18.709Z
Eccentric Farmer,INR,Innistrad Remastered,194,normal,common,1,102859,fe2a1718-eae1-4330-b494-c3088b992aae,0.04,false,false,false,near_mint,en,false,EUR,2025-11-14T14:07:18.709Z
Howlpack Resurgence,INR,Innistrad Remastered,204,normal,uncommon,1,102758,c0dc4c08-ed18-454b-b061-8901c253005c,0.23,false,false,false,near_mint,en,false,EUR,2025-11-14T14:07:18.709Z
Blanchwood Prowler,BRO,The Brothers' War,172,normal,common,1,75661,9c6988b6-ade0-4cd5-b27c-146e5e7ae91f,0.15,false,false,false,near_mint,en,false,EUR,2025-11-14T14:07:18.709Z
Tireless Tracker,EOC,Edge of Eternities Commander,110,normal,rare,1,107045,66444549-ad9b-49c6-a7c6-34e977c1085d,0.19,false,false,false,near_mint,en,false,EUR,2025-11-14T14:07:18.709Z
Roaring Earth,NEO,Kamigawa: Neon Dynasty,204,normal,uncommon,1,66749,8cbdd88e-c532-4fc0-a1fe-8aa0c26d1092,0.18,false,false,false,near_mint,en,false,EUR,2025-11-14T14:07:18.709Z
Rust-Shield Rampager,BLB,Bloomburrow,190,normal,common,1,96117,c96b01f5-83de-4237-a68d-f946c53e31a6,0.07,false,false,false,near_mint,en,false,EUR,2025-11-14T14:07:18.709Z
Summon: Fenrir,FIN,Final Fantasy,203,normal,uncommon,1,105669,93feb9d5-d004-4598-a448-b3488c869c05,0.22,false,false,false,near_mint,en,false,EUR,2025-11-14T14:07:18.709Z
Frantic Strength,DSK,Duskmourn: House of Horror,179,normal,common,1,99000,bbd9d35d-7fd0-4193-9f7e-b8a59fae4ac5,0.05,false,false,false,near_mint,en,false,EUR,2025-11-14T14:07:18.709Z
Cryptid Inspector,DSK,Duskmourn: House of Horror,174,normal,common,1,98858,820c2932-2e23-4f67-92d0-a630aec6f1b4,0.1,false,false,false,near_mint,en,false,EUR,2025-11-14T14:07:18.709Z
Hardbristle Bandit,OTJ,Outlaws of Thunder Junction,168,normal,common,1,93347,cbe544fb-93b7-4640-b886-cb0b3e437357,0.07,false,false,false,near_mint,en,false,EUR,2025-11-14T14:07:18.709Z
Gold Rush,OTJ,Outlaws of Thunder Junction,166,normal,uncommon,1,93054,15845be1-919d-4450-9de6-3552c52e8623,0.11,false,false,false,near_mint,en,false,EUR,2025-11-14T14:07:18.709Z
Galadhrim Bow,LTR,The Lord of the Rings: Tales of Middle-earth,167,normal,common,1,83340,9df34f21-798f-440d-8b09-ec5b5c0b8c12,0.05,false,false,false,near_mint,en,false,EUR,2025-11-14T14:07:18.709Z
Galadhrim Guide,LTR,The Lord of the Rings: Tales of Middle-earth,168,normal,common,1,83642,f4603f59-f899-4caf-a874-bf234d2045fb,0.05,false,false,false,near_mint,en,false,EUR,2025-11-14T14:07:18.709Z
Shower of Arrows,LTR,The Lord of the Rings: Tales of Middle-earth,188,normal,common,1,83300,92cd3884-18d1-4200-b28e-a52349ef37aa,0.09,false,false,false,near_mint,en,false,EUR,2025-11-14T14:07:18.709Z
Broken Wings,CMM,Commander Masters,277,normal,common,1,84415,608e5d6f-c050-44d9-8a5c-09c07786b6ab,0.02,false,false,false,near_mint,en,false,EUR,2025-11-14T14:07:18.709Z
Ram Through,CMM,Commander Masters,314,normal,common,1,84298,44063a90-e4cf-4bcd-a128-792de15371a7,0.31,false,false,false,near_mint,en,false,EUR,2025-11-14T14:07:18.709Z
Toxic Scorpion,VOW,Innistrad: Crimson Vow,224,normal,common,1,64201,4cfca481-cf2d-435d-b4b6-07b1fe2a8e5d,0.15,false,false,false,near_mint,en,false,EUR,2025-11-14T14:07:18.709Z
Roiling Regrowth,EOC,Edge of Eternities Commander,105,normal,uncommon,1,106984,2c446dbb-b883-47e9-aab3-ac921ff218f8,0.22,false,false,false,near_mint,en,false,EUR,2025-11-14T14:07:18.709Z
Bushwhack,FDN,Foundations,215,normal,common,1,101469,03ebdb36-55e0-49dd-a514-785fbeb4ae19,0.14,false,false,false,near_mint,en,false,EUR,2025-11-14T14:07:18.709Z
Eager Trufflesnout,FDN,Foundations,102,normal,uncommon,1,100940,a6e8433d-eb2a-43d1-b59b-7d70ff97c8e7,0.05,false,false,false,near_mint,en,false,EUR,2025-11-14T14:07:18.709Z
Apothecary Stomper,FDN,Foundations,99,normal,common,1,101537,680b7b0c-0e1b-46ce-9917-9fc6e05aa148,0.09,false,false,false,near_mint,en,false,EUR,2025-11-14T14:07:18.709Z
Broken Wings,FDN,Foundations,214,normal,common,1,100584,61f9cbeb-cc9c-4562-be65-8a77053faefe,0.09,false,false,false,near_mint,en,false,EUR,2025-11-14T14:07:18.709Z
Assault Formation,TDC,Tarkir: Dragonstorm Commander,246,normal,rare,1,104580,40452217-9d8c-48e7-b5b4-2740b97bea2a,0.45,false,false,false,near_mint,en,false,EUR,2025-11-14T14:07:18.709Z
Sporeback Wolf,VOW,Innistrad: Crimson Vow,223,normal,common,1,64167,3fb04879-9348-4d4f-9a23-c82fd99d04c6,0.12,false,false,false,near_mint,en,false,EUR,2025-11-14T14:07:18.709Z
Dig Up,VOW,Innistrad: Crimson Vow,197,normal,rare,1,64311,8f14c947-2452-4fd6-8f1a-391cf5898100,0.6,false,false,false,near_mint,en,false,EUR,2025-11-14T14:07:18.709Z
Sheltering Boughs,VOW,Innistrad: Crimson Vow,218,normal,common,1,64317,915dd4c2-0e9f-440c-8e4c-80db351a5eba,0.07,false,false,false,near_mint,en,false,EUR,2025-11-14T14:07:18.709Z
Nature's Embrace,VOW,Innistrad: Crimson Vow,211,normal,common,1,64160,39d757af-86fd-4f99-a09a-0f3898ed95f6,0.13,false,false,false,near_mint,en,false,EUR,2025-11-14T14:07:18.709Z
Hookhand Mariner // Riphook Raider,VOW,Innistrad: Crimson Vow,203,normal,common,1,64218,54a4b031-0919-44aa-a35e-68da7a27235a,0.06,false,false,false,near_mint,en,false,EUR,2025-11-14T14:07:18.709Z
Deathmist Raptor,DSC,Duskmourn: House of Horror Commander,176,normal,mythic,1,99396,ed6e6cf5-8fb7-4ba6-943a-e5aa14a3ee92,0.26,false,false,false,near_mint,en,false,EUR,2025-11-14T14:07:18.709Z
Disorienting Choice,DSC,Duskmourn: House of Horror Commander,32,normal,rare,1,98889,a756a35d-a630-41a2-8b3d-6f1bafd7409a,0.5,false,false,false,near_mint,en,false,EUR,2025-11-14T14:07:18.709Z
Sidequest: Raise a Chocobo // Black Chocobo,FIN,Final Fantasy,201,normal,uncommon,1,106508,0cbf911c-a721-4b84-8645-d83a0966be18,0.13,false,false,false,near_mint,en,false,EUR,2025-11-14T14:07:18.709Z
Bartz and Boko,FIN,Final Fantasy,175,normal,rare,1,105728,d818d574-2832-4a7a-a13b-aa6e695fdaa5,0.33,false,false,false,near_mint,en,false,EUR,2025-11-14T14:07:18.709Z
Flavor Disaster,MB2,Mystery Booster 2,575,normal,rare,1,97032,ca8606d7-0da5-4fb5-b541-a129005e3342,0.1,false,false,false,near_mint,en,false,EUR,2025-11-14T14:07:18.709Z
Elemental Bond,TDC,Tarkir: Dragonstorm Commander,254,normal,uncommon,1,104801,8efbc925-54ac-4dda-82af-9091b1cf2fda,3.07,false,false,false,near_mint,en,false,EUR,2025-11-14T14:07:18.709Z
Cudgel Troll,M12,Magic 2012,169,normal,uncommon,1,19098,e156b8d8-5309-494e-9709-44f98826a69f,0.06,false,false,false,near_mint,en,false,EUR,2025-11-14T14:07:18.709Z
Bestow Greatness,DFT,Aetherdrift,155,normal,common,1,103234,b6a5adee-3482-4c5b-9260-58efa8fec5ba,0.05,false,false,false,near_mint,en,false,EUR,2025-11-14T14:07:18.709Z
Malamet Scythe,LCI,The Lost Caverns of Ixalan,200,normal,common,1,88960,df6776a4-cc01-46a3-90df-04e1e3ba513c,0.07,false,false,false,near_mint,en,false,EUR,2025-11-14T14:07:18.709Z
Careful Cultivation,WOC,Wilds of Eldraine Commander,122,normal,common,1,85468,68d56fac-4dca-47b8-b48e-0a3d532004a5,0.23,false,false,false,near_mint,en,false,EUR,2025-11-14T14:07:18.709Z
Bakersbane Duo,BLB,Bloomburrow,163,normal,common,1,96035,5309354f-1ff4-4fa9-9141-01ea2f7588ab,0.06,false,false,false,near_mint,en,false,EUR,2025-11-14T14:07:18.709Z
Brambleguard Veteran,BLB,Bloomburrow,165,normal,uncommon,1,95880,bac9f6f8-6797-4580-9fc4-9a825872e017,0.11,false,false,false,near_mint,en,false,EUR,2025-11-14T14:07:18.709Z
Bushy Bodyguard,BLB,Bloomburrow,166,normal,uncommon,1,95997,0de60cf7-fa82-4b6f-9f88-6590fba5c863,0.11,false,false,false,near_mint,en,false,EUR,2025-11-14T14:07:18.709Z
Longstalk Brawl,BLB,Bloomburrow,182,normal,common,1,95966,c7ef748c-b5e5-4e7d-bf2e-d3e6c08edb42,0.14,false,false,false,near_mint,en,false,EUR,2025-11-14T14:07:18.709Z
Stocking the Pantry,BLB,Bloomburrow,194,normal,uncommon,1,96033,50e95c7b-f0b2-4276-8c5e-4191b7ba35d1,0.13,false,false,false,near_mint,en,false,EUR,2025-11-14T14:07:18.709Z
Huatli's Final Strike,LCI,The Lost Caverns of Ixalan,190,normal,common,1,88289,1247a5fa-b50a-4ab1-96ca-dbeb45bd0b56,0.04,false,false,false,near_mint,en,false,EUR,2025-11-14T14:07:18.709Z
Horrid Vigor,DSK,Duskmourn: House of Horror,184,normal,common,1,99335,c175c998-7b80-4187-bdbc-5b6e0d7eac91,0.13,false,false,false,near_mint,en,false,EUR,2025-11-14T14:07:18.709Z
Meltstrider's Gear,EOE,Edge of Eternities,198,normal,common,1,107775,d75629cb-91e2-46fa-9c80-6feb29e1ceb8,0.02,false,false,false,near_mint,en,false,EUR,2025-11-14T14:07:18.709Z
Hemosymbic Mite,EOE,Edge of Eternities,190,normal,uncommon,1,107324,c14137a4-2d44-444c-ad50-e2edf9380571,0.2,false,false,false,near_mint,en,false,EUR,2025-11-14T14:07:18.709Z
Break Down the Door,DSK,Duskmourn: House of Horror,170,normal,uncommon,1,98791,209e9bbc-a15d-47fc-b149-6b0c57dd09ea,0.09,false,false,false,near_mint,en,false,EUR,2025-11-14T14:07:18.709Z
Monstrous Emergence,DSK,Duskmourn: House of Horror,191,normal,common,1,99316,b999eb47-b842-47f1-be91-c79fc46e1896,0.07,false,false,false,near_mint,en,false,EUR,2025-11-14T14:07:18.709Z
Lashwhip Predator,EOE,Edge of Eternities,195,normal,uncommon,1,107593,24553e98-29a9-47e3-91c7-9add708d9ad1,0.06,false,false,false,near_mint,en,false,EUR,2025-11-14T14:07:18.709Z
Fungal Colossus,EOE,Edge of Eternities,184,normal,common,1,107502,9dc9559f-cece-4c85-807c-158291666007,0.03,false,false,false,near_mint,en,false,EUR,2025-11-14T14:07:18.709Z
Thawbringer,EOE,Edge of Eternities,211,normal,common,1,107691,0b7f934f-8eb4-408b-a55f-245ec5cc4a8a,0.06,false,false,false,near_mint,en,false,EUR,2025-11-14T14:07:18.709Z
Skystinger,EOE,Edge of Eternities,207,normal,common,1,107777,dfea9941-3675-4c0f-bc4d-981c28deed36,0.02,false,false,false,near_mint,en,false,EUR,2025-11-14T14:07:18.709Z
Galactic Wayfarer,EOE,Edge of Eternities,185,normal,common,1,107078,85b898d2-050f-49a2-87af-07d54d105336,0.07,false,false,false,near_mint,en,false,EUR,2025-11-14T14:07:18.709Z
Jadelight Spelunker,LCI,The Lost Caverns of Ixalan,196,normal,rare,1,88561,68e633d3-47e2-48c5-9be3-574ce5023bf7,0.17,false,false,false,near_mint,en,false,EUR,2025-11-14T14:07:18.709Z
Hope Estheim,FIN,Final Fantasy,226,normal,rare,1,106693,fbdb68cc-5516-481a-94c5-59f6c69b8a17,0.27,false,false,false,near_mint,en,false,EUR,2025-11-14T14:07:18.709Z
Jade Seedstones // Jadeheart Attendant,LCI,The Lost Caverns of Ixalan,195,normal,uncommon,1,88849,bb95ffc2-ef35-49bf-8211-c5354d176051,0.05,false,false,false,near_mint,en,false,EUR,2025-11-14T14:07:18.709Z
Walk with the Ancestors,LCI,The Lost Caverns of Ixalan,218,normal,common,1,88590,71a6f85b-5ef8-4526-9c86-7cb71508b4c0,0.06,false,false,false,near_mint,en,false,EUR,2025-11-14T14:07:18.709Z
Druid of the Spade,BLB,Bloomburrow,170,normal,common,1,96054,6b485cf7-bad0-4824-9ba7-cb112ce4769f,0.06,false,false,false,near_mint,en,false,EUR,2025-11-14T14:07:18.709Z
Drey Keeper,MH2,Modern Horizons 2,194,normal,common,1,59695,995529d1-e2b0-4cce-bd40-56c7ef3c33da,0.13,false,false,false,near_mint,en,false,EUR,2025-11-14T14:07:18.709Z
Cori Mountain Monastery,TDM,Tarkir: Dragonstorm,252,normal,rare,1,104810,9312821a-2059-4f44-9b20-c9522b827e38,0.3,false,false,false,near_mint,en,false,EUR,2025-11-14T14:07:18.709Z
Forest,VOW,Innistrad: Crimson Vow,276,normal,common,1,64445,e4c83b60-3d49-4fdc-a6b7-06d1a0c4a126,0.18,false,false,false,near_mint,en,false,EUR,2025-11-14T14:07:18.709Z
Forest,CMA,Commander Anthology,320,normal,common,1,4966,42154a89-c12a-48fa-8eb4-1185b5df1b38,0.29,false,false,false,near_mint,en,false,EUR,2025-11-14T14:07:18.709Z
"Zanarkand, Ancient Metropolis // Lasting Fayth",FIN,Final Fantasy,293,foil,rare,1,105656,881e4c00-3b9a-47a1-bf66-1badda994c88,1.07,false,false,false,near_mint,en,false,EUR,2025-11-14T14:07:18.709Z
Forest,CMA,Commander Anthology,318,normal,common,1,4968,329ae876-a7ed-43e4-9ed9-ac71191ba8d2,0.95,false,false,false,near_mint,en,false,EUR,2025-11-14T14:07:18.709Z
The Hunter Maze,ONE,Phyrexia: All Will Be One,253,normal,common,1,78588,6389c242-2139-4f12-af30-2b080a1c5e83,0.05,false,false,false,near_mint,en,false,EUR,2025-11-14T14:07:18.709Z
Hidden Nursery,M3C,Modern Horizons 3 Commander,349,normal,common,1,95076,fcd447b3-4d96-4d85-924d-2c5043ba054f,0.13,false,false,false,near_mint,en,false,EUR,2025-11-14T14:07:18.709Z
Oakhollow Village,BLB,Bloomburrow,258,normal,uncommon,1,95624,0d49b016-b02b-459f-85e9-c04f6bdcb94e,0.53,false,false,false,near_mint,en,false,EUR,2025-11-14T14:07:18.709Z
Forest,DDM,Duel Decks: Jace vs. Vraska,88,normal,common,1,14662,543aeea7-23c1-4c7c-a377-f39c94846b5e,0.09,false,false,false,near_mint,en,false,EUR,2025-11-14T14:07:18.709Z
Forest,DSK,Duskmourn: House of Horror,286,normal,common,1,98769,0da5fbc2-24ad-4520-a60a-436d3a485fec,0.15,false,false,false,near_mint,en,false,EUR,2025-11-14T14:07:18.709Z
Plains,RTR,Return to Ravnica,251,normal,common,1,17171,34044cf5-79ed-479c-abdc-3718ec193dd3,0.06,false,false,false,near_mint,en,false,EUR,2025-11-14T14:07:18.709Z
Promising Vein,LCI,The Lost Caverns of Ixalan,279,normal,common,1,88998,e9681a54-6413-4ff4-b6b1-ee4decb25bfa,0.06,false,false,false,near_mint,en,false,EUR,2025-11-14T14:07:18.709Z
Island,TDM,Tarkir: Dragonstorm,280,normal,common,1,104247,15be7923-6efc-4650-b8d1-f61cb33ef81d,0.17,false,false,false,near_mint,en,false,EUR,2025-11-14T14:07:18.709Z
Lush Oasis,M3C,Modern Horizons 3 Commander,356,normal,common,1,95013,ba0932e2-30da-478d-b295-40db01556eb0,0.17,false,false,false,near_mint,en,false,EUR,2025-11-14T14:07:18.709Z
Forest,ZNR,Zendikar Rising,384,normal,common,1,54498,2b90e88b-60a3-4d1d-bb8c-14633e5005a5,0.06,false,false,false,near_mint,en,false,EUR,2025-11-14T14:07:18.709Z
Etched Cornfield,DSK,Duskmourn: House of Horror,258,normal,common,1,98681,f8900b89-0e10-4602-bba2-da8d60ea5885,0.14,false,false,false,near_mint,en,false,EUR,2025-11-14T14:07:18.709Z
Izzet Guildgate,C18,Commander 2018,257,normal,common,1,586,771ddb6f-607c-487e-b64b-5c9ff0579183,0.08,false,false,false,near_mint,en,false,EUR,2025-11-14T14:07:18.709Z
Forest,TDM,Tarkir: Dragonstorm,286,normal,common,1,104324,8e3e83d2-96ba-4d5c-a1ed-6c08a90b339c,0.15,false,false,false,near_mint,en,false,EUR,2025-11-14T14:07:18.709Z
The Surgical Bay,ONE,Phyrexia: All Will Be One,260,normal,common,1,78431,1b49ec35-2c4f-4144-85fe-226f7cb67266,0.06,false,false,false,near_mint,en,false,EUR,2025-11-14T14:07:18.709Z
Peculiar Lighthouse,DSK,Duskmourn: House of Horror,265,normal,common,1,98620,3a6e40c0-e70e-4353-a920-9851cfac71dd,0.16,false,false,false,near_mint,en,false,EUR,2025-11-14T14:07:18.709Z
Lakeside Shack,DSK,Duskmourn: House of Horror,262,normal,common,1,98660,a9367acd-393a-4966-ba60-af2ecd4e7596,0.12,false,false,false,near_mint,en,false,EUR,2025-11-14T14:07:18.709Z
The Monumental Facade,ONE,Phyrexia: All Will Be One,255,normal,rare,1,78877,d6785057-0d06-4f91-b45f-c05f7c4e2b19,0.09,false,false,false,near_mint,en,false,EUR,2025-11-14T14:07:18.709Z
Forest,TDM,Tarkir: Dragonstorm,285,normal,common,1,104317,8100bceb-ffba-487a-bb45-4fe2a156a8dc,0.15,false,false,false,near_mint,en,false,EUR,2025-11-14T14:07:18.709Z
Bloodfell Caves,TDM,Tarkir: Dragonstorm,250,normal,common,1,104250,1dde3c68-6f29-4c00-b668-c25ac9e3e13b,0.05,false,false,false,near_mint,en,false,EUR,2025-11-14T14:07:18.709Z
Swiftwater Cliffs,TDM,Tarkir: Dragonstorm,268,normal,common,1,104361,ca53fb19-b8ca-485b-af1a-5117ae54bfe3,0.06,false,false,false,near_mint,en,false,EUR,2025-11-14T14:07:18.709Z
Uncharted Haven,NEO,Kamigawa: Neon Dynasty,281,normal,common,1,66854,1d4ad89a-3a00-4bf4-a357-4a8a089d4a82,0.08,false,false,false,near_mint,en,false,EUR,2025-11-14T14:07:18.709Z
Jungle Hollow,NEO,Kamigawa: Neon Dynasty,269,normal,common,1,66921,deadca61-0be9-4eeb-ba12-bc73a49bae74,0.07,false,false,false,near_mint,en,false,EUR,2025-11-14T14:07:18.709Z
Strangled Cemetery,DSK,Duskmourn: House of Horror,268,normal,common,1,98666,c1ce9250-bdbe-4c77-9243-6db9ffffe69b,0.17,false,false,false,near_mint,en,false,EUR,2025-11-14T14:07:18.709Z
Swiftwater Cliffs,DFT,Aetherdrift,265,normal,common,1,103181,949bf6bb-1e97-48a3-8547-0a780664c275,0.09,false,false,false,near_mint,en,false,EUR,2025-11-14T14:07:18.709Z
Dismal Backwater,DFT,Aetherdrift,254,normal,common,1,103357,f20aef3f-79f6-4357-8631-1d141f437def,0.05,false,false,false,near_mint,en,false,EUR,2025-11-14T14:07:18.709Z
Swamp,TDM,Tarkir: Dragonstorm,282,normal,common,1,104341,ac885eb7-9dae-4c48-b45c-97ef9c62c99e,0.11,false,false,false,near_mint,en,false,EUR,2025-11-14T14:07:18.709Z
Swamp,DDM,Duel Decks: Jace vs. Vraska,81,normal,common,1,14669,2d6df214-baa7-4de3-8333-d751c45873e0,0.08,false,false,false,near_mint,en,false,EUR,2025-11-14T14:07:18.709Z
Island,EOE,Edge of Eternities,269,normal,common,1,107124,aaa212be-1db5-4493-86c8-c01d29348e31,0.13,false,false,false,near_mint,en,false,EUR,2025-11-14T14:07:18.709Z
Voldaren Estate,LCC,The Lost Caverns of Ixalan Commander,369,normal,rare,1,88326,1fcbc704-4fb3-49c3-9040-aa1681e86e2c,0.24,false,false,false,near_mint,en,false,EUR,2025-11-14T14:07:18.709Z
Swamp,CM2,Commander Anthology Volume II,299,normal,common,1,1438,2380a8a1-474a-43f7-91db-68cfd7e0b790,0.05,false,false,false,near_mint,en,false,EUR,2025-11-14T14:07:18.709Z
Island,LTR,The Lord of the Rings: Tales of Middle-earth,264,normal,common,1,83451,bbeca27a-6c5b-40b9-83a4-a3a2096ff6f8,0.07,false,false,false,near_mint,en,false,EUR,2025-11-14T14:07:18.709Z
Mountain,VOW,Innistrad: Crimson Vow,275,normal,common,1,64357,a6f72e53-52bb-4cf4-9b8b-34ed0c5f7c3c,0.18,false,false,false,near_mint,en,false,EUR,2025-11-14T14:07:18.709Z
Swamp,DSK,Duskmourn: House of Horror,282,normal,common,1,98916,cbd95de0-702a-4b88-a1cc-981cf1d9673e,0.14,false,false,false,near_mint,en,false,EUR,2025-11-14T14:07:18.709Z
Mountain,BLB,Bloomburrow,274,normal,common,1,91708,c1bba8fb-d763-4efa-8db1-e5e81994b5f9,0.18,false,false,false,near_mint,en,false,EUR,2025-11-14T14:07:18.709Z
Mountain,RTR,Return to Ravnica,269,normal,common,1,17153,96614dc1-9386-4861-b792-b83bcc6c5811,0.08,false,false,false,near_mint,en,false,EUR,2025-11-14T14:07:18.709Z
Seething Landscape,MH3,Modern Horizons 3,225,normal,common,1,94751,661fc907-7003-45c6-820c-9616e9a71c30,0.15,false,false,false,near_mint,en,false,EUR,2025-11-14T14:07:18.709Z
Plains,EOE,Edge of Eternities,267,normal,common,1,107188,df31f72c-076e-4d8e-9975-6d6281ab71f6,0.08,false,false,false,near_mint,en,false,EUR,2025-11-14T14:07:18.709Z
Ghost Town,TMP,Tempest,318,normal,uncommon,1,36681,4218cdda-3a62-43fb-aaf7-7ac836392796,1.5,false,false,false,near_mint,en,false,EUR,2025-11-14T14:07:18.709Z
Island,ZNR,Zendikar Rising,270,normal,common,1,54723,bb695ab9-72dc-4b07-b42d-e2109a5254b6,0.15,false,false,false,near_mint,en,false,EUR,2025-11-14T14:07:18.709Z
Blossoming Sands,NEO,Kamigawa: Neon Dynasty,265,normal,common,1,66914,d290ec6b-15a6-49e8-abd2-b8c4d0f556eb,0.06,false,false,false,near_mint,en,false,EUR,2025-11-14T14:07:18.709Z
Swamp,FDN,Foundations,286,normal,common,1,100653,6f23a73a-522b-40cf-a14b-ffdf47a24c01,0.98,false,false,false,near_mint,en,false,EUR,2025-11-14T14:07:18.709Z
Bleeding Woods,DSK,Duskmourn: House of Horror,257,normal,common,1,98671,cb224874-aff5-461f-82ee-89b06663231a,0.1,false,false,false,near_mint,en,false,EUR,2025-11-14T14:07:18.709Z
"Balamb Garden, SeeD Academy // Balamb Garden, Airborne",FIN,Final Fantasy,272,normal,rare,1,106492,001e9f20-5b15-41cb-bf82-46172decc235,0.31,false,false,false,near_mint,en,false,EUR,2025-11-14T14:07:18.709Z
Tranquil Cove,DFT,Aetherdrift,267,normal,common,1,103098,70688800-7675-4e75-bb3c-9e05b95a685c,0.07,false,false,false,near_mint,en,false,EUR,2025-11-14T14:07:18.709Z
Mountain,BRO,The Brothers' War,275,normal,common,1,75701,abf2ec64-a850-47e3-91a8-7323e04a5f4a,0.04,false,false,false,near_mint,en,false,EUR,2025-11-14T14:07:18.709Z
Hidden Volcano,LCI,The Lost Caverns of Ixalan,277,normal,common,1,88749,9fa06aed-52c1-48f1-9906-362db12a3cf7,0.12,false,false,false,near_mint,en,false,EUR,2025-11-14T14:07:18.709Z
Mountain,EOE,Edge of Eternities,274,normal,common,1,107186,de0ac2b0-175b-4e71-9172-ce2a72234818,0.13,false,false,false,near_mint,en,false,EUR,2025-11-14T14:07:18.709Z
Mountain,BLB,Bloomburrow,276,normal,common,1,91699,0b384d24-8771-4860-8fc1-1b74217f1c4c,0.2,false,false,false,near_mint,en,false,EUR,2025-11-14T14:07:18.709Z
Mountain,DSK,Duskmourn: House of Horror,283,normal,common,1,98896,accb56f0-3903-4894-86f0-3965162064d4,0.15,false,false,false,near_mint,en,false,EUR,2025-11-14T14:07:18.709Z
Mountain,FIN,Final Fantasy,305,normal,common,3,105745,ea1735b9-fd10-4c9c-b9d3-046d8c22b852,0.21,false,false,false,near_mint,en,false,EUR,2025-11-14T14:07:18.709Z
Hidden Courtyard,LCI,The Lost Caverns of Ixalan,274,normal,common,1,88838,b8685d46-99fc-44b3-be95-707a4b7b8327,0.08,false,false,false,near_mint,en,false,EUR,2025-11-14T14:07:18.709Z
Abandoned Campground,DSK,Duskmourn: House of Horror,255,normal,common,1,98675,ee0565f5-ebdb-43f9-bbb4-0485b1968937,0.08,false,false,false,near_mint,en,false,EUR,2025-11-14T14:07:18.709Z
The Gold Saucer,FIN,Final Fantasy,279,normal,uncommon,1,106551,5363c881-443d-43df-afd8-f81e1a1741a2,0.12,false,false,false,near_mint,en,false,EUR,2025-11-14T14:07:18.709Z
Volatile Fault,M3C,Modern Horizons 3 Commander,407,normal,uncommon,1,95045,d9a42082-615c-4387-a77c-97ee94153c57,0.17,false,false,false,near_mint,en,false,EUR,2025-11-14T14:07:18.709Z
Makindi Stampede // Makindi Mesas,ZNR,Zendikar Rising,26,normal,uncommon,1,54692,ada9a974-8f1f-4148-bd61-200fc14714b2,0.14,false,false,false,near_mint,en,false,EUR,2025-11-14T14:07:18.709Z
Frontier Bivouac,TDM,Tarkir: Dragonstorm,256,normal,uncommon,1,104702,679fff07-4796-4d91-8dd6-4e294383ce88,0.12,false,false,false,near_mint,en,false,EUR,2025-11-14T14:07:18.709Z
Razortrap Gorge,DSK,Duskmourn: House of Horror,267,normal,common,1,98654,98d0d067-b52d-47ec-ba7b-8cfcd716c0e5,0.17,false,false,false,near_mint,en,false,EUR,2025-11-14T14:07:18.709Z
"Vector, Imperial Capital",FIN,Final Fantasy,291,normal,common,1,106512,10e5648e-4884-41e3-95f8-c76f6bca01e2,0.06,false,false,false,near_mint,en,false,EUR,2025-11-14T14:07:18.709Z
Golgari Guildgate,FDN,Foundations,689,normal,common,1,100836,92d4646c-a375-4835-aa58-8bb77d1a5abf,0.16,false,false,false,near_mint,en,false,EUR,2025-11-14T14:07:18.709Z
Sandsteppe Citadel,TDM,Tarkir: Dragonstorm,266,normal,uncommon,1,104603,47f47e7f-39ba-4807-8e32-7262a61dfbba,0.12,false,false,false,near_mint,en,false,EUR,2025-11-14T14:07:18.709Z
Rugged Highlands,NEO,Kamigawa: Neon Dynasty,273,normal,common,1,66877,58d511be-60e0-4755-abec-18eebb530605,0.08,false,false,false,near_mint,en,false,EUR,2025-11-14T14:07:18.709Z
Dusyut Earthcarver,TDM,Tarkir: Dragonstorm,141,normal,common,2,104352,b98ecc96-f557-479a-8685-2b5487d5b407,0.03,false,false,false,near_mint,en,false,EUR,2025-11-14T14:07:18.709Z
Krotiq Nestguard,TDM,Tarkir: Dragonstorm,148,normal,common,2,104862,a5d0a9fb-1068-478d-a78c-6fd77cc313f0,0.02,false,false,false,near_mint,en,false,EUR,2025-11-14T14:07:18.709Z
Swamp,EOE,Edge of Eternities,272,normal,common,3,106944,07ab266b-ad6a-422e-9277-27d9f48d2c29,0.11,false,false,false,near_mint,en,false,EUR,2025-11-14T14:07:18.709Z
Intrepid Tenderfoot,EOE,Edge of Eternities,193,normal,common,2,107740,809df0ea-deff-47b9-83df-cc1f360d377e,0.03,false,false,false,near_mint,en,false,EUR,2025-11-14T14:07:18.709Z
Goobbue Gardener,FIN,Final Fantasy,188,normal,common,5,106636,b7c3544a-5dd5-423e-8a40-ac4803db8adc,0.05,false,false,false,near_mint,en,false,EUR,2025-11-14T14:07:18.709Z
"Guadosalam, Farplane Gateway",FIN,Final Fantasy,281,normal,common,3,106668,dfcbc131-fd50-4908-b539-c8e52bb70c58,0.08,false,false,false,near_mint,en,false,EUR,2025-11-14T14:07:18.709Z
Mystic Monastery,EOC,Edge of Eternities Commander,170,normal,uncommon,3,107305,9fd41ad5-6b36-482e-8305-bbc709668470,0.18,false,false,false,near_mint,en,false,EUR,2025-11-14T14:07:18.709Z
Island,DSK,Duskmourn: House of Horror,279,normal,common,5,98871,947702ca-d065-4368-9f26-f859d4642cb6,0.13,false,false,false,near_mint,en,false,EUR,2025-11-14T14:07:18.709Z
Wary Watchdog,DSK,Duskmourn: House of Horror,206,normal,common,4,98796,25ed97f2-b47e-49b7-9b1a-694c4bbeca3b,0.06,false,false,false,near_mint,en,false,EUR,2025-11-14T14:07:18.709Z
Seedship Agrarian,EOE,Edge of Eternities,204,normal,uncommon,2,107706,2fc7946d-37b0-4dc8-9daa-8d2204d8e4d2,0.13,false,false,false,near_mint,en,false,EUR,2025-11-14T14:07:18.709Z
Swamp,M20,Core Set 2020,271,normal,common,4,45189,a9023215-035f-4f12-9f75-04b995b5d24a,0.06,false,false,false,near_mint,en,false,EUR,2025-11-14T14:07:18.709Z
Blitzball Shot,FIN,Final Fantasy,176,normal,common,2,106417,ec8ab637-3d7d-4712-9f83-8920f808f715,0.08,false,false,false,near_mint,en,false,EUR,2025-11-14T14:07:18.709Z
Diamond Weapon,FIN,Final Fantasy,183,normal,uncommon,3,106567,6ce7f494-2a19-4b11-94d4-fc5e5a7068bd,0.18,false,false,false,near_mint,en,false,EUR,2025-11-14T14:07:18.709Z
"Lindblum, Industrial Regency // Mage Siege",FIN,Final Fantasy,285,normal,rare,2,106405,548dd152-f0b6-4e8f-9afc-a4ec1671b648,1.91,false,false,false,near_mint,en,false,EUR,2025-11-14T14:07:18.709Z
"Treno, Dark City",FIN,Final Fantasy,290,normal,common,9,106686,f6285535-bc44-4274-a886-b14d7c7aaba8,0.02,false,false,false,near_mint,en,false,EUR,2025-11-14T14:07:18.709Z
"Gohn, Town of Ruin",FIN,Final Fantasy,278,normal,common,4,106602,99582781-613e-4a33-aec7-7569b4a961aa,0.06,false,false,false,near_mint,en,false,EUR,2025-11-14T14:07:18.709Z
Loporrit Scout,FIN,Final Fantasy,192,normal,common,4,106612,a182bc66-bfda-4bf5-bd12-3de5dba60945,0.03,false,false,false,near_mint,en,false,EUR,2025-11-14T14:07:18.709Z
Forest,EOE,Edge of Eternities,275,normal,common,4,107213,fb62605c-a58e-4e53-8336-b2bee316b5a6,0.12,false,false,false,near_mint,en,false,EUR,2025-11-14T14:07:18.709Z
Jungle Hollow,TDM,Tarkir: Dragonstorm,258,normal,common,3,104375,ea13440b-3f7b-4182-9541-27c1fa3121e5,0.07,false,false,false,near_mint,en,false,EUR,2025-11-14T14:07:18.709Z
Swamp,M21,Core Set 2021,267,normal,common,6,50974,be68e315-ffef-40a8-8a46-1c042b148c03,0.04,false,false,false,near_mint,en,false,EUR,2025-11-14T14:07:18.709Z
Island,KLD,Kaladesh,254,normal,common,2,7389,086d6aed-1f7e-4a80-8d66-01d995f344ed,0.12,false,false,false,near_mint,en,false,EUR,2025-11-14T14:07:18.709Z
Abundant Growth,INR,Innistrad Remastered,184,normal,common,2,102789,d15adc93-1a71-453b-8277-4a525a9cbc7b,0.11,false,false,false,near_mint,en,false,EUR,2025-11-14T14:07:18.709Z
Town Greeter,FIN,Final Fantasy,209,normal,common,3,105610,49cd4efa-4df4-4257-9a42-60330f7781e2,0.11,false,false,false,near_mint,en,false,EUR,2025-11-14T14:07:18.709Z
Heaped Harvest,BLB,Bloomburrow,175,normal,common,2,96255,3b5349db-0e0a-4b15-886e-0db403ef49cb,0.13,false,false,false,near_mint,en,false,EUR,2025-11-14T14:07:18.709Z
"Sharlayan, Nation of Scholars",FIN,Final Fantasy,288,normal,common,2,106579,7a745b5e-cdb8-4d05-ac5c-87be69536da6,0.05,false,false,false,near_mint,en,false,EUR,2025-11-14T14:07:18.709Z
Heritage Reclamation,TDM,Tarkir: Dragonstorm,145,normal,common,2,104636,4f8fee37-a050-4329-8b10-46d150e7a95e,0.22,false,false,false,near_mint,en,false,EUR,2025-11-14T14:07:18.709Z
Island,KLD,Kaladesh,253,normal,common,5,7390,8ca139d8-08a1-45d4-be9d-2ee5c9b3de43,0.06,false,false,false,near_mint,en,false,EUR,2025-11-14T14:07:18.709Z
Airship Crash,FIN,Final Fantasy,171,normal,common,3,106680,ec91c4e4-711f-464d-bc83-e6813f4fdcdb,0.13,false,false,false,near_mint,en,false,EUR,2025-11-14T14:07:18.709Z
Undergrowth Leopard,TDM,Tarkir: Dragonstorm,165,normal,common,3,104307,67ab8f9a-b17c-452f-b4ef-a3f91909e3de,0.09,false,false,false,near_mint,en,false,EUR,2025-11-14T14:07:18.709Z
Gigantoad,FIN,Final Fantasy,187,normal,common,2,106642,bc10d648-4053-460f-bc52-9c20477bf6de,0.03,false,false,false,near_mint,en,false,EUR,2025-11-14T14:07:18.709Z
Forest,DDM,Duel Decks: Jace vs. Vraska,84,normal,common,2,14666,a80ca452-06d2-44ba-9ef6-9fe4b7dd81dd,0.07,false,false,false,near_mint,en,false,EUR,2025-11-14T14:07:18.709Z
Adventurer's Inn,FIN,Final Fantasy,271,normal,common,4,105754,f0da2ee1-986e-4cbf-92eb-d96fdb572ca5,0.06,false,false,false,near_mint,en,false,EUR,2025-11-14T14:07:18.709Z
Dawnhart Disciple,INR,Innistrad Remastered,191,normal,common,2,102522,4463b28a-c2c9-4cbf-951e-e3ce6b1f14cb,0.02,false,false,false,near_mint,en,false,EUR,2025-11-14T14:07:18.709Z
Summon: Fat Chocobo,FIN,Final Fantasy,202,normal,common,3,106533,32eb192b-de6b-4814-8077-628d343d014e,0.08,false,false,false,near_mint,en,false,EUR,2025-11-14T14:07:18.709Z
"Insomnia, Crown City",FIN,Final Fantasy,282,normal,common,5,106502,07fca511-a65c-4779-82c0-9215b0dcd068,0.04,false,false,false,near_mint,en,false,EUR,2025-11-14T14:07:18.709Z
Manifest Dread,DSK,Duskmourn: House of Horror,189,normal,common,2,98994,a649265b-6c32-49e7-b6cb-6086c40d26e8,0.09,false,false,false,near_mint,en,false,EUR,2025-11-14T14:07:18.709Z
Gran Pulse Ochu,FIN,Final Fantasy,189,normal,common,5,106547,4dced21f-478c-4500-9484-af5864dea5cc,0.1,false,false,false,near_mint,en,false,EUR,2025-11-14T14:07:18.709Z
Germinating Wurm,EOE,Edge of Eternities,187,normal,common,3,107792,fcde173a-6314-4904-bddd-68b2ab1e4867,0.08,false,false,false,near_mint,en,false,EUR,2025-11-14T14:07:18.709Z
Mountain,RTR,Return to Ravnica,266,normal,common,2,17156,a5b2d0ed-0b47-459a-8f5c-554dd816c03a,0.05,false,false,false,near_mint,en,false,EUR,2025-11-14T14:07:18.709Z
"Windurst, Federation Center",FIN,Final Fantasy,292,normal,common,3,106649,c74024bd-b383-468d-9cf5-d112a29f6457,0.03,false,false,false,near_mint,en,false,EUR,2025-11-14T14:07:18.709Z
Bard's Bow,FIN,Final Fantasy,174,normal,common,4,106530,2ac03e90-1e16-453f-88e4-a0448db73403,0.03,false,false,false,near_mint,en,false,EUR,2025-11-14T14:07:18.709Z
Plains,EOE,Edge of Eternities,268,normal,common,2,107115,a26fd28e-d053-48b3-ab4c-2dc6fd33fa64,0.12,false,false,false,near_mint,en,false,EUR,2025-11-14T14:07:18.709Z
"Quina, Qu Gourmet",FIN,Final Fantasy,194,normal,uncommon,2,106341,4f352b5e-9731-4a8e-b872-db5d3bf32211,0.15,false,false,false,near_mint,en,false,EUR,2025-11-14T14:07:18.709Z
"Baron, Airship Kingdom",FIN,Final Fantasy,273,normal,common,2,106570,6e4bf840-802d-47d5-bffd-8ba495e19cf6,0.07,false,false,false,near_mint,en,false,EUR,2025-11-14T14:07:18.709Z
Plains,M21,Core Set 2021,262,normal,common,3,50888,8a299a1e-1ce9-4668-a5f5-c587081acf6b,0.08,false,false,false,near_mint,en,false,EUR,2025-11-14T14:07:18.709Z
Llanowar Elves,FDN,Foundations,227,normal,common,2,95583,6a0b230b-d391-4998-a3f7-7b158a0ec2cd,0.21,false,false,false,near_mint,en,false,EUR,2025-11-14T14:07:18.709Z
Plains,M21,Core Set 2021,260,normal,common,3,50800,4be96696-aff8-4ef9-97dc-8221ef745de9,0.06,false,false,false,near_mint,en,false,EUR,2025-11-14T14:07:18.709Z
Plains,M21,Core Set 2021,261,normal,common,3,50707,0d4e5bc1-f0c3-4ea7-a549-c36d932103b1,0.07,false,false,false,near_mint,en,false,EUR,2025-11-14T14:07:18.709Z
Chocobo Kick,FIN,Final Fantasy,178,normal,common,3,106698,ff8c8be0-8223-499c-8704-cb68e0a42ce2,0.05,false,false,false,near_mint,en,false,EUR,2025-11-14T14:07:18.709Z
Terramorphic Expanse,TDC,Tarkir: Dragonstorm Commander,408,normal,common,2,104843,9ff6e014-4811-44df-a7f8-a667a4a01f4f,0.13,false,false,false,near_mint,en,false,EUR,2025-11-14T14:07:18.709Z
Snakeskin Veil,TDM,Tarkir: Dragonstorm,159,normal,common,4,104856,a3d2c692-7566-468e-9c86-47a9f768fde2,0.11,false,false,false,near_mint,en,false,EUR,2025-11-14T14:07:18.709Z
Forest,EOE,Edge of Eternities,276,normal,common,3,107048,673141ec-826f-4132-8282-d499990495a7,0.1,false,false,false,near_mint,en,false,EUR,2025-11-14T14:07:18.709Z
Swamp,DDM,Duel Decks: Jace vs. Vraska,82,normal,common,2,14668,20a28816-8e41-4c17-9478-2c85e13ee23b,0.13,false,false,false,near_mint,en,false,EUR,2025-11-14T14:07:18.709Z
Grasping Longneck,DSK,Duskmourn: House of Horror,180,normal,common,2,98715,7fddcd48-3efe-4b56-9d69-9659b3dc6021,0.03,false,false,false,near_mint,en,false,EUR,2025-11-14T14:07:18.709Z
Coliseum Behemoth,FIN,Final Fantasy,181,normal,uncommon,2,106594,900206f1-7dd6-4db9-a430-73e560fd196b,0.11,false,false,false,near_mint,en,false,EUR,2025-11-14T14:07:18.709Z
Sami's Curiosity,EOE,Edge of Eternities,203,normal,common,3,107460,703ad0f3-bd05-42b0-85fb-0cd37807dc91,0.05,false,false,false,near_mint,en,false,EUR,2025-11-14T14:07:18.709Z
Neglected Manor,DSK,Duskmourn: House of Horror,264,normal,common,2,98608,11cf1531-8a3c-4e28-a114-d3a342b33bb6,0.12,false,false,false,near_mint,en,false,EUR,2025-11-14T14:07:18.709Z
"Zanarkand, Ancient Metropolis // Lasting Fayth",FIN,Final Fantasy,293,normal,rare,2,105656,881e4c00-3b9a-47a1-bf66-1badda994c88,0.57,false,false,false,near_mint,en,false,EUR,2025-11-14T14:07:18.709Z
Island,DSK,Duskmourn: House of Horror,280,normal,common,4,98930,e1d10d9c-8771-4870-aebf-e767d0fada32,0.11,false,false,false,near_mint,en,false,EUR,2025-11-14T14:07:18.709Z
Plains,TDM,Tarkir: Dragonstorm,277,normal,common,3,104245,12cff32a-a365-43ee-a196-8ce32b3bb9fd,0.16,false,false,false,near_mint,en,false,EUR,2025-11-14T14:07:18.709Z
Dragon Sniper,TDM,Tarkir: Dragonstorm,139,normal,uncommon,3,105120,074b1e00-45bb-4436-8f5e-058512b2d08a,0.28,false,false,false,near_mint,en,false,EUR,2025-11-14T14:07:18.709Z
"Rabanastre, Royal City",FIN,Final Fantasy,287,normal,common,5,106294,c44c9bbe-f4c6-41cf-b3c3-b943f4011bc1,0.04,false,false,false,near_mint,en,false,EUR,2025-11-14T14:07:18.709Z
Forest,DSK,Duskmourn: House of Horror,285,normal,common,8,98935,e84c0880-728d-4ac2-b685-4f18f66c24db,0.17,false,false,false,near_mint,en,false,EUR,2025-11-14T14:07:18.709Z
Shattered Wings,EOE,Edge of Eternities,206,normal,common,2,107142,bbece737-bd4f-4dc8-bf5c-f77930246ab1,0.02,false,false,false,near_mint,en,false,EUR,2025-11-14T14:07:18.709Z
Diplomatic Relations,EOE,Edge of Eternities,177,normal,common,2,107778,e0a104c5-61fb-4733-97ab-a31a15a49443,0.04,false,false,false,near_mint,en,false,EUR,2025-11-14T14:07:18.709Z
Swamp,FDN,Foundations,276,normal,common,6,100329,319bc1f0-ee42-44e5-b08b-735613ded2ba,0.12,false,false,false,near_mint,en,false,EUR,2025-11-14T14:07:18.709Z
Stickytongue Sentinel,BLB,Bloomburrow,193,normal,common,2,96105,b5fa9651-b217-4f93-9c46-9bdb11feedcb,0.08,false,false,false,near_mint,en,false,EUR,2025-11-14T14:07:18.709Z
Dismal Backwater,TDM,Tarkir: Dragonstorm,254,normal,common,3,104238,082b52c9-c46e-44d3-b723-546ba528e07b,0.05,false,false,false,near_mint,en,false,EUR,2025-11-14T14:07:18.709Z
Plains,VOW,Innistrad: Crimson Vow,269,normal,common,2,64141,2b069f97-735a-4d85-8504-b5a863bd659b,0.18,false,false,false,near_mint,en,false,EUR,2025-11-14T14:07:18.709Z
Command Bridge,EOE,Edge of Eternities,252,normal,common,2,106926,247670d2-a7cd-4ed7-9c77-704c7962b815,0.08,false,false,false,near_mint,en,false,EUR,2025-11-14T14:07:18.709Z
Island,CM2,Commander Anthology Volume II,292,normal,common,2,1445,b294323b-d7a2-4d82-bf99-b388edcb7d32,0.11,false,false,false,near_mint,en,false,EUR,2025-11-14T14:07:18.709Z
Reach the Horizon,FIN,Final Fantasy,195,normal,uncommon,2,106644,c25960e0-5779-4e20-89f3-03950ad9d91c,0.15,false,false,false,near_mint,en,false,EUR,2025-11-14T14:07:18.709Z
Roamer's Routine,TDM,Tarkir: Dragonstorm,154,normal,common,2,104396,fb8c2d5c-ba0c-4d50-8898-5c6574b1e974,0.07,false,false,false,near_mint,en,false,EUR,2025-11-14T14:07:18.709Z
Rydia's Return,FIN,Final Fantasy,198,normal,uncommon,2,106718,40a06165-2835-4610-86a1-7f684992fcf2,0.07,false,false,false,near_mint,en,false,EUR,2025-11-14T14:07:18.709Z
Mountain,TDM,Tarkir: Dragonstorm,283,normal,common,2,104355,bfa10a88-12e0-4b79-80bb-6f4620277e20,0.15,false,false,false,near_mint,en,false,EUR,2025-11-14T14:07:18.709Z
Swamp,C19,Commander 2019,295,normal,common,5,45639,a5572582-07c0-49a1-9ccb-ca2b003d839b,0.08,false,false,false,near_mint,en,false,EUR,2025-11-14T14:07:18.709Z
Swamp,TDM,Tarkir: Dragonstorm,281,normal,common,3,104384,f0bfdb9e-318f-4acd-9fbd-41b98a8875d6,0.17,false,false,false,near_mint,en,false,EUR,2025-11-14T14:07:18.709Z
Savage Surge,RTR,Return to Ravnica,133,normal,uncommon,2,17289,0fa74aae-e857-410c-8836-953c8623d0b0,0.09,false,false,false,near_mint,en,false,EUR,2025-11-14T14:07:18.709Z
Rootwise Survivor,DSK,Duskmourn: House of Horror,196,normal,uncommon,2,98926,d843c242-088f-4131-9e52-7ee2d0db5e20,0.05,false,false,false,near_mint,en,false,EUR,2025-11-14T14:07:18.709Z
Cactuar,FIN,Final Fantasy,177,normal,uncommon,2,106657,d5273db4-6214-41e4-825a-612fca8bbe03,0.12,false,false,false,near_mint,en,false,EUR,2025-11-14T14:07:18.709Z
Tranquil Cove,TDM,Tarkir: Dragonstorm,270,normal,common,2,104249,1c4efa6c-4f29-41cd-a728-bf0e479ace05,0.05,false,false,false,near_mint,en,false,EUR,2025-11-14T14:07:18.709Z
Plains,TDM,Tarkir: Dragonstorm,278,normal,common,3,104350,b8c391f2-b340-43c7-89e6-afac5b70491f,0.16,false,false,false,near_mint,en,false,EUR,2025-11-14T14:07:18.709Z
Blooming Stinger,EOE,Edge of Eternities,174,normal,common,2,107705,2ee859bd-d99c-4b1d-9372-7ff4fc1e8c6a,0.06,false,false,false,near_mint,en,false,EUR,2025-11-14T14:07:18.709Z
Commune with Beavers,FIN,Final Fantasy,182,normal,common,2,105641,784287c2-43c5-4210-93ae-cdd33b9acb1b,0.06,false,false,false,near_mint,en,false,EUR,2025-11-14T14:07:18.709Z
Prishe's Wanderings,FIN,Final Fantasy,193,normal,common,2,106658,d6e1dee0-e2cd-4899-a3ea-7d0df717c9ab,0.12,false,false,false,near_mint,en,false,EUR,2025-11-14T14:07:18.709Z
Island,DDM,Duel Decks: Jace vs. Vraska,38,normal,common,2,14712,24295928-6414-4992-9dac-06021a304742,0.07,false,false,false,near_mint,en,false,EUR,2025-11-14T14:07:18.709Z
Rite of Renewal,TDM,Tarkir: Dragonstorm,153,normal,uncommon,2,104390,f737698a-d934-4851-b238-828959ef4835,0.08,false,false,false,near_mint,en,false,EUR,2025-11-14T14:07:18.709Z
Reclusive Taxidermist,VOW,Innistrad: Crimson Vow,214,normal,uncommon,2,64094,10edf37a-ee35-491d-b83a-39035f7df65a,0.1,false,false,false,near_mint,en,false,EUR,2025-11-14T14:07:18.709Z
The Fair Basilica,ONE,Phyrexia: All Will Be One,252,normal,common,2,78371,01d6ba55-7bc0-41c6-84be-8cd528e46a05,0.11,false,false,false,near_mint,en,false,EUR,2025-11-14T14:07:18.709Z
Meltstrider Eulogist,EOE,Edge of Eternities,197,normal,uncommon,2,107563,df61aa0c-effc-4d57-be19-876a82c41d33,0.11,false,false,false,near_mint,en,false,EUR,2025-11-14T14:07:18.709Z
Champion of Dusan,TDM,Tarkir: Dragonstorm,137,normal,common,3,105164,c51dcdab-38ee-4804-8859-09adc353c182,0.08,false,false,false,near_mint,en,false,EUR,2025-11-14T14:07:18.709Z
Hidden Necropolis,LCI,The Lost Caverns of Ixalan,275,normal,common,2,89040,f67fd04f-05da-4418-97de-abeb7346cc69,0.08,false,false,false,near_mint,en,false,EUR,2025-11-14T14:07:18.709Z
Scoured Barrens,TDM,Tarkir: Dragonstorm,267,normal,common,3,104346,b4b47b80-69ed-44b0-afa0-ca90206dc16d,0.1,false,false,false,near_mint,en,false,EUR,2025-11-14T14:07:18.709Z
Balamb T-Rexaur,FIN,Final Fantasy,173,normal,common,3,106456,e5857b1b-73bc-458e-b26b-7ed8bef785f3,0.07,false,false,false,near_mint,en,false,EUR,2025-11-14T14:07:18.709Z
Mountain,TDM,Tarkir: Dragonstorm,284,normal,common,2,104274,3df7c206-97b6-49d7-ba01-7a35fd8c61d9,0.16,false,false,false,near_mint,en,false,EUR,2025-11-14T14:07:18.709Z
Rugged Highlands,TDM,Tarkir: Dragonstorm,265,normal,common,3,104267,31261eca-28ad-407c-84ef-0c124d0d7451,0.06,false,false,false,near_mint,en,false,EUR,2025-11-14T14:07:18.709Z
Mountain,RTR,Return to Ravnica,265,normal,common,2,17157,3b4a196f-de7e-4100-ad65-56cf8b0a8b23,0.14,false,false,false,near_mint,en,false,EUR,2025-11-14T14:07:18.709Z
Sagu Wildling // Roost Seek,TDM,Tarkir: Dragonstorm,157,normal,common,2,104994,d8b43b00-f4d1-436c-bf3f-6d414cd4ce38,0.1,false,false,false,near_mint,en,false,EUR,2025-11-14T14:07:18.709Z
Meltstrider's Resolve,EOE,Edge of Eternities,199,normal,uncommon,2,107596,53c08af4-b975-4d9d-baba-73e6727f2778,0.13,false,false,false,near_mint,en,false,EUR,2025-11-14T14:07:18.709Z
Sarkhan's Resolve,TDM,Tarkir: Dragonstorm,158,normal,common,2,104952,cae56fef-b661-4bc5-b9a1-3871ae06e491,0.05,false,false,false,near_mint,en,false,EUR,2025-11-14T14:07:18.709Z
Crossroads Village,FIN,Final Fantasy,276,normal,common,2,106561,64db46d4-f91f-49cc-971c-b8e19f0c4ea9,0.07,false,false,false,near_mint,en,false,EUR,2025-11-14T14:07:18.709Z
Plains,DDN,Duel Decks: Speed vs. Cunning,38,normal,common,3,13492,cd97a3ed-e266-4cf3-bdf3-305d87373742,0.13,false,false,false,near_mint,en,false,EUR,2025-11-14T14:07:18.709Z
Forest,DDM,Duel Decks: Jace vs. Vraska,85,normal,common,2,14665,ee05a26d-b872-4d49-9860-2fd982b3662f,0.05,false,false,false,near_mint,en,false,EUR,2025-11-14T14:07:18.709Z
"Gongaga, Reactor Town",FIN,Final Fantasy,280,normal,common,2,106580,7beccfa6-3e4b-4460-954e-870cb39e462d,0.06,false,false,false,near_mint,en,false,EUR,2025-11-14T14:07:18.709Z
Rural Recruit,VOW,Innistrad: Crimson Vow,216,normal,common,2,64114,1bf35971-f1c4-4ccb-af5c-fd396391bb4b,0.05,false,false,false,near_mint,en,false,EUR,2025-11-14T14:07:18.709Z
Gysahl Greens,FIN,Final Fantasy,190,normal,common,2,106494,020dee17-d85b-44c4-9faa-b1ef977956f4,0.04,false,false,false,near_mint,en,false,EUR,2025-11-14T14:07:18.709Z
Island,DDM,Duel Decks: Jace vs. Vraska,37,normal,common,2,14713,b4a728fd-e564-4a7c-9dde-e3e8b70c1f68,0.07,false,false,false,near_mint,en,false,EUR,2025-11-14T14:07:18.709Z
Moldering Gym // Weight Room,DSK,Duskmourn: House of Horror,190,normal,common,2,99081,245d5a61-c40c-4039-aea8-3ad61415b8f0,0.06,false,false,false,near_mint,en,false,EUR,2025-11-14T14:07:18.709Z
Alabaster Potion,5ED,Fifth Edition,3,normal,common,3,38003,950acce3-b079-49fc-8016-75fcdbca9b82,0.04,false,false,false,near_mint,en,false,EUR,2025-11-14T14:07:18.709Z
"Sephiroth, Planet's Heir",FIN,Final Fantasy,553,foil,mythic,1,103801,abd73e52-62f0-4e89-9dc6-90ff0bc2a9b7,1.84,false,false,false,near_mint,en,false,EUR,2025-11-14T14:07:18.709Z
"Xande, Dark Mage",FIN,Final Fantasy,561,normal,rare,1,105846,1caed9a8-b73b-470e-b9d8-8c3b7cac3eee,0.38,false,false,false,near_mint,en,false,EUR,2025-11-14T14:07:18.709Z
Deadly Embrace,FIN,Final Fantasy,557,normal,rare,1,106087,a11cb85c-85dd-435c-8303-4d0d18bdb1e9,0.45,false,false,false,near_mint,en,false,EUR,2025-11-14T14:07:18.709Z
"Ultimecia, Temporal Threat",FIN,Final Fantasy,556,normal,rare,1,106130,b64e4475-f1c6-4d85-b42f-6d84d06855bb,1.34,false,false,false,near_mint,en,false,EUR,2025-11-14T14:07:18.709Z
Seymour Flux,FIN,Final Fantasy,558,normal,rare,1,106156,c5fdc78e-0815-443c-8c26-35387b6f4f37,0.51,false,false,false,near_mint,en,false,EUR,2025-11-14T14:07:18.709Z
Magitek Scythe,FIN,Final Fantasy,562,normal,rare,1,106027,8b691d42-3498-4d47-9a46-f7c376df8886,0.46,false,false,false,near_mint,en,false,EUR,2025-11-14T14:07:18.709Z
Island,FIN,Final Fantasy,299,normal,common,3,105587,347e00db-abcf-4053-aa27-4a5b42e1da55,0.15,false,false,false,near_mint,en,false,EUR,2025-11-14T14:07:18.709Z
Island,FIN,Final Fantasy,297,normal,common,2,105700,b92ec9f6-a56d-40c6-aee2-7d5e1524c985,0.18,false,false,false,near_mint,en,false,EUR,2025-11-14T14:07:18.709Z
Island,FIN,Final Fantasy,298,normal,common,3,105751,eeecf096-87dd-4dcb-953f-700445bf3f3a,0.2,false,false,false,near_mint,en,false,EUR,2025-11-14T14:07:18.709Z
"Cloud, Planet's Champion",FIN,Final Fantasy,552,foil,mythic,1,103799,a6d58067-337d-43dc-b4a3-c6acc701d450,3.61,false,false,false,near_mint,en,false,EUR,2025-11-14T14:07:18.709Z
"Lightning, Security Sergeant",FIN,Final Fantasy,560,normal,rare,1,105920,4ad4dce3-6e43-4528-b570-85547d03164e,1.02,false,false,false,near_mint,en,false,EUR,2025-11-14T14:07:18.709Z
"Beatrix, Loyal General",FIN,Final Fantasy,554,normal,rare,1,106074,9da83b07-4978-4af7-be51-8aa8f35ec0bb,1.65,false,false,false,near_mint,en,false,EUR,2025-11-14T14:07:18.709Z
Judgment Bolt,FIN,Final Fantasy,559,normal,rare,1,105801,05b04b06-9271-4a28-a60e-287df0d1a4d1,0.32,false,false,false,near_mint,en,false,EUR,2025-11-14T14:07:18.709Z
Freya Crescent,FIN,Final Fantasy,138,normal,uncommon,1,106289,9921f646-e893-44db-ac89-0633c1009788,0.15,false,false,false,near_mint,en,false,EUR,2025-11-14T14:07:18.709Z
Ultima Weapon,FIN,Final Fantasy,563,normal,rare,1,106135,b9162d08-a6ba-4e6e-b82c-9b092bd781dd,5.31,false,false,false,near_mint,en,false,EUR,2025-11-14T14:07:18.709Z
"Rosa, Resolute White Mage",FIN,Final Fantasy,555,normal,rare,1,106153,c44e0ad6-9f44-4e4c-8c3b-3ee99409a740,1.55,false,false,false,near_mint,en,false,EUR,2025-11-14T14:07:18.709Z
Plains,FIN,Final Fantasy,295,normal,common,4,105742,e623b058-76d2-476b-9ee6-82807f7992c3,0.14,false,false,false,near_mint,en,false,EUR,2025-11-14T14:07:18.709Z
Mountain,FIN,Final Fantasy,304,normal,common,3,105719,d061b9a8-e95d-48ec-a1c9-337433b62dfc,0.16,false,false,false,near_mint,en,false,EUR,2025-11-14T14:07:18.709Z
Mountain,FIN,Final Fantasy,303,normal,common,3,105679,a18ef64b-a9de-4548-b4d5-168758442db7,0.19,false,false,false,near_mint,en,false,EUR,2025-11-14T14:07:18.709Z
Samurai's Katana,FIN,Final Fantasy,154,normal,uncommon,2,106267,11f1d378-c78c-402a-ac46-2d32598c23e7,0.07,false,false,false,near_mint,en,false,EUR,2025-11-14T14:07:18.709Z
Plains,FIN,Final Fantasy,294,normal,common,4,105678,9dd2d666-7c6b-48ce-93dc-c004ebdd1fe9,0.14,false,false,false,near_mint,en,false,EUR,2025-11-14T14:07:18.709Z
Swamp,ONE,Phyrexia: All Will Be One,264,normal,common,1,78234,736a0484-e091-4178-92c5-c517b0e92f3d,0.09,false,false,false,near_mint,en,false,EUR,2025-11-14T14:07:18.709Z
Island,SOI,Shadows over Innistrad,286,normal,common,1,8710,bffca348-2af9-44bb-815f-f7f7240ac975,0.08,false,false,false,near_mint,en,false,EUR,2025-11-14T14:07:18.709Z
Island,BLB,Bloomburrow,267,normal,common,1,95856,f7b92adb-a384-4e03-8ba7-1e41b9fb2516,0.21,false,false,false,near_mint,en,false,EUR,2025-11-14T14:07:18.709Z
"Syr Konrad, the Grim",FCA,Final Fantasy: Through the Ages,10,normal,uncommon,1,105946,5b40815d-0104-461e-b193-fcf5e1f35299,0.47,false,false,false,near_mint,en,false,EUR,2025-11-14T14:07:18.709Z
Unstoppable Slasher,DSK,Duskmourn: House of Horror,119,normal,rare,1,98912,c78da035-6b5b-4136-9ab6-f622b64fdc54,3.01,false,false,false,near_mint,en,false,EUR,2025-11-14T14:07:18.709Z
Unholy Annex // Ritual Chamber,DSK,Duskmourn: House of Horror,339,normal,rare,1,98836,681caa94-e95e-47f0-8305-eca0ed55cb5e,2.87,false,false,false,near_mint,en,false,EUR,2025-11-14T14:07:18.709Z
Giggling Skitterspike,DSC,Duskmourn: House of Horror Commander,39,normal,rare,1,98948,fba20e7e-9581-4a9b-bdda-5c85d3450d4c,7.37,false,false,false,near_mint,en,false,EUR,2025-11-14T14:07:18.709Z
Tifa Lockhart,FIN,Final Fantasy,206,normal,rare,1,105765,fb781323-2746-405d-a9b2-e778c037a6e9,4.16,false,false,false,near_mint,en,false,EUR,2025-11-14T14:07:18.709Z
Ouroboroid,EOE,Edge of Eternities,345,foil,mythic,1,107104,9a6eb356-7418-443f-a51b-37ebc3526fce,29.95,false,false,false,near_mint,en,false,EUR,2025-11-14T14:07:18.709Z
"Vanille, Cheerful l'Cie",FIN,Final Fantasy,392,foil,uncommon,1,105574,28cdd11b-7337-4696-b2a0-77236c7b7210,0.61,false,false,false,near_mint,en,false,EUR,2025-11-14T14:07:18.709Z
"Fynn, the Fangbearer",FCA,Final Fantasy: Through the Ages,46,normal,uncommon,1,106372,e983925b-de9c-4a09-8bff-913301aff269,0.12,false,false,false,near_mint,en,false,EUR,2025-11-14T14:07:18.709Z
"Torgal, A Fine Hound",FIN,Final Fantasy,345,normal,uncommon,1,106435,66188ecc-ac97-4dcb-ada3-57d86915a911,0.37,false,false,false,near_mint,en,false,EUR,2025-11-14T14:07:18.709Z
Summon: Fat Chocobo,FIN,Final Fantasy,371,normal,common,1,106615,a44ae92c-4894-4172-82b3-11e2e94653ef,0.24,false,false,false,near_mint,en,false,EUR,2025-11-14T14:07:18.709Z
Terrasymbiosis,EOE,Edge of Eternities,210,normal,rare,1,106977,26008c7d-5dbe-4da2-b475-4dd307e7bc68,4.58,false,false,false,near_mint,en,false,EUR,2025-11-14T14:07:18.709Z
Herd Heirloom,TDM,Tarkir: Dragonstorm,144,normal,rare,1,104873,a88c7713-b3a9-4685-b1d3-623d35b62365,2.94,false,false,false,near_mint,en,false,EUR,2025-11-14T14:07:18.709Z
Esper Origins // Summon: Esper Maduin,FIN,Final Fantasy,370,normal,rare,1,106233,efbe3aa0-ddf1-4db2-ae4c-cfea7b5d09ed,4.44,false,false,false,near_mint,en,false,EUR,2025-11-14T14:07:18.709Z
The Earth Crystal,FIN,Final Fantasy,184,normal,rare,1,106451,d585e218-3dc8-4fbd-8ad2-795fbc9b2155,4.8,false,false,false,near_mint,en,false,EUR,2025-11-14T14:07:18.709Z
Frenzied Baloth,EOE,Edge of Eternities,183,normal,rare,1,107158,c72d85e9-a0bc-4f73-8d73-c58843577f4e,2.73,false,false,false,near_mint,en,false,EUR,2025-11-14T14:07:18.709Z
Mossborn Hydra,FDN,Foundations,107,normal,rare,1,100661,7054a0d7-396f-40b4-ab24-db591c3b08f0,10.83,false,false,false,near_mint,en,false,EUR,2025-11-14T14:07:18.709Z
Command Tower,SLD,Secret Lair Drop,7012,foil,rare,1,105185,1e947092-c153-410c-bd81-30142c662459,3.11,false,false,false,near_mint,en,false,EUR,2025-11-14T14:07:18.709Z
Ouroboroid,EOE,Edge of Eternities,201,normal,mythic,1,106971,209c591a-4ab2-4e89-9523-a7b766cf4e51,19.03,false,false,false,near_mint,en,false,EUR,2025-11-14T14:07:18.709Z
Captain Lannery Storm,FCA,Final Fantasy: Through the Ages,38,normal,uncommon,1,106438,7c3aeedd-d41b-44c9-9b0a-e5952202f632,0.14,false,false,false,near_mint,en,false,EUR,2025-11-14T14:07:18.709Z
"Clive, Ifrit's Dominant // Ifrit, Warden of Inferno",FIN,Final Fantasy,133,normal,mythic,1,105675,9a069e96-2786-493d-aca8-f70611435dbe,3.73,false,false,false,near_mint,en,false,EUR,2025-11-14T14:07:18.709Z
Light Up the Stage,FCA,Final Fantasy: Through the Ages,39,normal,uncommon,1,106407,686150d8-1d01-4c4f-8e4d-61ada78d6859,0.19,false,false,false,near_mint,en,false,EUR,2025-11-14T14:07:18.709Z
Prompto Argentum,FIN,Final Fantasy,387,normal,uncommon,1,106661,d8f9b257-6491-46d2-be41-846ab4c39d5e,0.28,false,false,false,near_mint,en,false,EUR,2025-11-14T14:07:18.709Z
Cori-Steel Cutter,TDM,Tarkir: Dragonstorm,103,normal,rare,1,104608,490eb213-9ae2-4b45-abec-6f1dfc83792a,8.94,false,false,false,near_mint,en,false,EUR,2025-11-14T14:07:18.709Z
Lizard Blades,NEO,Kamigawa: Neon Dynasty,153,normal,rare,1,66428,a747e6cf-c687-4c4f-8e07-d51165d6cb62,1.85,false,false,false,near_mint,en,false,EUR,2025-11-14T14:07:18.709Z
Goldlust Triad,TDC,Tarkir: Dragonstorm Commander,34,normal,rare,1,104510,2876d57a-a17e-4892-9992-321a32562e13,9.15,false,false,false,near_mint,en,false,EUR,2025-11-14T14:07:18.709Z
Emissary Escort,EOE,Edge of Eternities,56,normal,rare,1,107138,b52ba87f-3ac7-4f32-901c-d089df979f94,0.2,false,false,false,near_mint,en,false,EUR,2025-11-14T14:07:18.709Z
Skaab Ruinator,DSC,Duskmourn: House of Horror Commander,128,normal,mythic,1,99186,668d4e90-61d3-4064-b867-6ac7a49a7d59,0.25,false,false,false,near_mint,en,false,EUR,2025-11-14T14:07:18.709Z
The Water Crystal,FIN,Final Fantasy,333,normal,rare,1,106436,7572888a-c394-4d9f-b66f-30d91364d265,5.2,false,false,false,near_mint,en,false,EUR,2025-11-14T14:07:18.709Z
Paradox Haze,SPG,Special Guests,123,normal,mythic,1,107415,3f92e3ed-32f7-40e0-952d-08ca524579c3,2.69,false,false,false,near_mint,en,false,EUR,2025-11-14T14:07:18.709Z
Memories Returning,FIN,Final Fantasy,331,normal,rare,1,106692,fb3c836d-8012-4591-ba4f-e6db6d59b974,1.39,false,false,false,near_mint,en,false,EUR,2025-11-14T14:07:18.709Z
Overlord of the Floodpits,DSK,Duskmourn: House of Horror,68,normal,mythic,1,98711,5fca5de8-9cda-4370-9f72-4462f8cfd696,3.48,false,false,false,near_mint,en,false,EUR,2025-11-14T14:07:18.709Z
"Gogo, Master of Mimicry",FIN,Final Fantasy,54,normal,mythic,1,106652,cce4eb99-d960-4ab7-911a-bb4ea74d1775,4.38,false,false,false,near_mint,en,false,EUR,2025-11-14T14:07:18.709Z
Sun Titan,TDC,Tarkir: Dragonstorm Commander,133,normal,mythic,1,104943,c7974707-88bf-474b-b1a9-30733c16b1ef,0.24,false,false,false,near_mint,en,false,EUR,2025-11-14T14:07:18.709Z
Crackdown,MB2,Mystery Booster 2,146,foil,rare,1,96807,5dbc1e48-b148-41a5-b0aa-50aaa7d0d5e8,23.97,false,false,false,near_mint,en,false,EUR,2025-11-14T14:07:18.709Z
Ethersworn Canonist,MB2,Mystery Booster 2,10,normal,rare,1,96973,abfbf22d-a5ab-4a36-8711-13b758f96089,3.87,false,false,false,near_mint,en,false,EUR,2025-11-14T14:07:18.709Z
Ironwill Forger,TDC,Tarkir: Dragonstorm Commander,13,normal,rare,1,104648,53398f76-7c8a-4009-8f28-9ce586e2c7e4,0.87,false,false,false,near_mint,en,false,EUR,2025-11-14T14:07:18.709Z
Freed from the Real,A25,Masters 25,58,normal,uncommon,1,2658,c47ee6f6-50c1-4f56-b9ce-4c309bfb92ca,7.13,false,false,false,near_mint,en,false,EUR,2025-11-14T14:07:18.709Z
Moogles' Valor,FIN,Final Fantasy,326,normal,rare,1,106277,522920b3-e7a4-4097-8321-2dbb326719c6,2.07,false,false,false,near_mint,en,false,EUR,2025-11-14T14:07:18.709Z
Angel of Invention,TDC,Tarkir: Dragonstorm Commander,109,normal,mythic,1,104823,98c42f02-6eda-4ef7-929f-b3a2ece9f650,0.29,false,false,false,near_mint,en,false,EUR,2025-11-14T14:07:18.709Z
Loran of the Third Path,FCA,Final Fantasy: Through the Ages,24,normal,rare,1,106719,450ec0a6-839b-4a35-a79b-ae358408a17c,3.69,false,false,false,near_mint,en,false,EUR,2025-11-14T14:07:18.709Z
Crystal Fragments // Summon: Alexander,FIN,Final Fantasy,357,normal,uncommon,1,106449,c2416ecc-bb6b-44f6-8fa6-61d168777f2e,0.39,false,false,false,near_mint,en,false,EUR,2025-11-14T14:07:18.709Z
"Haliya, Guided by Light",EOE,Edge of Eternities,19,normal,rare,1,107055,6f7c63ae-5df3-410f-8643-b8c69133ca9d,3.39,false,false,false,near_mint,en,false,EUR,2025-11-14T14:07:18.709Z
Path to Exile,OTP,Breaking News,6,normal,rare,1,93299,aa112736-7596-448a-be2f-0798acb3b2ee,1.01,false,false,false,near_mint,en,false,EUR,2025-11-14T14:07:18.709Z
Ranger-Captain of Eos,FCA,Final Fantasy: Through the Ages,2,normal,mythic,1,106605,9af0b8d6-f41b-4aa3-ae32-1ef2d1d4bade,23.9,false,false,false,near_mint,en,false,EUR,2025-11-14T14:07:18.709Z
Cragcrown Pathway // Timbercrown Pathway,ZNR,Zendikar Rising,261,normal,rare,1,54774,da57eb54-5199-4a56-95f7-f6ac432876b1,3.63,false,false,false,near_mint,en,false,EUR,2025-11-14T14:07:18.709Z
Plains,BLB,Bloomburrow,262,normal,common,1,95768,3663ff0c-d02f-49ac-bb88-6f0dbd684337,0.16,false,false,false,near_mint,en,false,EUR,2025-11-14T14:07:18.709Z
Plains,BLB,Bloomburrow,264,normal,common,1,95782,4f04188d-9a76-495d-b3a7-ee44810cf671,0.2,false,false,false,near_mint,en,false,EUR,2025-11-14T14:07:18.709Z
"Jill, Shiva's Dominant // Shiva, Warden of Ice",FIN,Final Fantasy,58,normal,rare,1,105564,1f163763-4802-4a96-a5bc-f3c381db7b5c,0.48,false,false,false,near_mint,en,false,EUR,2025-11-14T14:07:18.709Z
"Susur Secundi, Void Altar",EOE,Edge of Eternities,259,normal,mythic,1,107126,aefb8c0d-2bc6-4bec-851e-0137b4abfb22,5.68,false,false,false,near_mint,en,false,EUR,2025-11-14T14:07:18.709Z
"Jidoor, Aristocratic Capital // Overture",FIN,Final Fantasy,311,normal,rare,1,105637,72678d58-888e-4d3c-bc2c-78f5b7862e03,1.57,false,false,false,near_mint,en,false,EUR,2025-11-14T14:07:18.709Z
"Adagia, Windswept Bastion",EOE,Edge of Eternities,250,foil,mythic,1,107156,c634273a-94b0-4104-9d10-ae522ece1fc7,6.13,false,false,false,near_mint,en,false,EUR,2025-11-14T14:07:18.709Z
Spirebluff Canal,OTJ,Outlaws of Thunder Junction,304,normal,rare,1,93282,9d83bdb3-1f04-4b99-a36b-312da0cbed50,4.75,false,false,false,near_mint,en,false,EUR,2025-11-14T14:07:18.709Z
Swamp,PIP,Fallout,321,normal,common,1,91961,237204ad-ab8a-496f-a093-48d00417350b,0.23,false,false,false,near_mint,en,false,EUR,2025-11-14T14:07:18.709Z
Plains,INR,Innistrad Remastered,288,foil,common,1,102680,95347dba-09e9-47a3-a068-db78ba39714e,0.39,false,false,false,near_mint,en,false,EUR,2025-11-14T14:07:18.709Z
Wastes,FIN,Final Fantasy,309,normal,common,1,105711,c61feafd-ef09-437c-a12c-fd7d6cb8c15a,0.27,false,false,false,near_mint,en,false,EUR,2025-11-14T14:07:18.709Z
Island,ONE,Phyrexia: All Will Be One,268,normal,common,1,78242,ac97baa8-5e57-45b6-9c64-cb9ce4806294,0.63,false,false,false,near_mint,en,false,EUR,2025-11-14T14:07:18.709Z
High Market,EOS,Edge of Eternities: Stellar Sights,18,normal,rare,1,106974,229c383b-305b-44b1-ba0f-fbe95bbd633f,1.27,false,false,false,near_mint,en,false,EUR,2025-11-14T14:07:18.709Z
"Gix, Yawgmoth Praetor",TDC,Tarkir: Dragonstorm Commander,181,normal,mythic,1,104459,135c5948-4c95-4f24-b648-eda55ab637c8,2.46,false,false,false,near_mint,en,false,EUR,2025-11-14T14:07:18.709Z
"Sin, Spira's Punishment",FIN,Final Fantasy,242,normal,rare,1,103790,659be746-bd31-4a70-8cec-7798da78b0b5,0.33,false,false,false,near_mint,en,false,EUR,2025-11-14T14:07:18.709Z
"Kianne, Corrupted Memory",DSC,Duskmourn: House of Horror Commander,2,normal,mythic,1,98927,d970c966-9a89-4c4c-ac73-8cf8fffe7721,0.33,false,false,false,near_mint,en,false,EUR,2025-11-14T14:07:18.709Z
"Winota, Joiner of Forces",FCA,Final Fantasy: Through the Ages,19,normal,rare,1,106346,6e1a948f-2d7f-4398-9f56-90dac6897c69,2.03,false,false,false,near_mint,en,false,EUR,2025-11-14T14:07:18.709Z
"Neriv, Crackling Vanguard",TDC,Tarkir: Dragonstorm Commander,6,normal,mythic,1,104340,ac552ea3-f521-4c42-a846-21a73364e0ca,0.88,false,false,false,near_mint,en,false,EUR,2025-11-14T14:07:18.709Z
"Choco, Seeker of Paradise",FIN,Final Fantasy,215,normal,rare,1,106273,409c305a-52dc-4538-8e72-efcd568eaf49,0.44,false,false,false,near_mint,en,false,EUR,2025-11-14T14:07:18.709Z
Hollowmurk Siege,TDM,Tarkir: Dragonstorm,192,normal,rare,1,104668,5ac0e136-8877-4bfc-a831-2bf7b7b5ad1e,0.44,false,false,false,near_mint,en,false,EUR,2025-11-14T14:07:18.709Z
"Ureni, the Song Unending",TDM,Tarkir: Dragonstorm,233,foil,mythic,1,104253,227802c0-4ff6-43a8-a850-ed0f546dc5ac,3.95,false,false,false,near_mint,en,false,EUR,2025-11-14T14:07:18.709Z
Rakdos's Return,GK2,RNA Guild Kit,72,normal,mythic,1,43955,bbc95892-c8fc-4e8d-9452-709cf9992db0,1.25,false,false,false,near_mint,en,false,EUR,2025-11-14T14:07:18.709Z
"Joshua, Phoenix's Dominant // Phoenix, Warden of Fire",FIN,Final Fantasy,229,normal,rare,1,106430,457fdbb9-5439-460f-8e37-176f8919362c,1.44,false,false,false,near_mint,en,false,EUR,2025-11-14T14:07:18.709Z
"Saheeli, the Sun's Brilliance",LCI,The Lost Caverns of Ixalan,308,normal,mythic,1,88615,7a16ca40-2210-4f94-bfb1-960b34a7d98e,0.94,false,false,false,near_mint,en,false,EUR,2025-11-14T14:07:18.709Z
Jeskai Revelation,TDM,Tarkir: Dragonstorm,196,normal,mythic,1,104565,3cac0ad3-5107-4ed6-a688-d44bbd65e407,0.65,false,false,false,near_mint,en,false,EUR,2025-11-14T14:07:18.709Z
"Helga, Skittish Seer",BLB,Bloomburrow,217,normal,mythic,1,95914,40339715-22d0-4f99-822b-a00d9824f27a,2.78,false,false,false,near_mint,en,false,EUR,2025-11-14T14:07:18.709Z
"Cid, Timeless Artificer",FIN,Final Fantasy,410,normal,uncommon,1,105767,fc4d240f-8920-4f8d-82a2-4cd4da93d6fb,3.65,false,false,false,near_mint,en,false,EUR,2025-11-14T14:07:18.709Z
All-Out Assault,TDM,Tarkir: Dragonstorm,167,normal,mythic,1,104348,b74876d8-f6a6-4b47-b960-b01a331bab01,2.18,false,false,false,near_mint,en,false,EUR,2025-11-14T14:07:18.709Z
Singularity Rupture,EOE,Edge of Eternities,398,foil,rare,1,107010,422d7bc1-e2a2-4cfc-a29d-9d67354cdafd,0.33,false,false,false,near_mint,en,false,EUR,2025-11-14T14:07:18.709Z
Swamp,LCI,The Lost Caverns of Ixalan,289,normal,common,1,86329,a825ac86-d642-42fd-b6aa-94aa804907d9,0.34,false,false,false,near_mint,en,false,EUR,2025-11-14T14:07:18.709Z
"Golbez, Crystal Collector",FIN,Final Fantasy,395,normal,rare,1,106599,95822b03-a49b-4a77-a257-fe0527088177,2.37,false,false,false,near_mint,en,false,EUR,2025-11-14T14:07:18.709Z
Blood Fountain,VOW,Innistrad: Crimson Vow,95,normal,common,1,64437,dd03651e-ada0-41dc-8722-0eba476943e3,0.92,false,false,false,near_mint,en,false,EUR,2025-11-14T14:07:18.709Z
Diabolic Tutor,SLD,Secret Lair Drop,1592,normal,rare,1,95576,df6ba63e-0168-45e4-abf3-f7a5b87a4b85,3.55,false,false,false,near_mint,en,false,EUR,2025-11-14T14:07:18.709Z
"Cecil, Dark Knight // Cecil, Redeemed Paladin",FIN,Final Fantasy,91,normal,rare,1,103774,026e7167-d665-43d0-a51e-8df2d68cdb5e,4.55,false,false,false,near_mint,en,false,EUR,2025-11-14T14:07:18.709Z
Dread Presence,M20,Core Set 2020,96,normal,rare,1,45365,0430db1a-5cad-4444-ba93-57fb32e65606,1.47,false,false,false,near_mint,en,false,EUR,2025-11-14T14:07:18.709Z
Fatal Push,FCA,Final Fantasy: Through the Ages,9,normal,uncommon,1,106425,2430f223-edb2-402b-a85b-5d328323992d,0.86,false,false,false,near_mint,en,false,EUR,2025-11-14T14:07:18.709Z
Vincent Valentine // Galian Beast,FIN,Final Fantasy,125,normal,rare,1,106265,028ef608-acfe-4e9d-90db-eca4411ba78a,1.02,false,false,false,near_mint,en,false,EUR,2025-11-14T14:07:18.709Z
"Omega, Heartless Evolution",FIN,Final Fantasy,347,normal,uncommon,1,106560,615f1a04-2ad4-443b-a915-2181a6bf13af,0.16,false,false,false,near_mint,en,false,EUR,2025-11-14T14:07:18.709Z
"Morophon, the Boundless",M3C,Modern Horizons 3 Commander,157,normal,mythic,1,94928,33c2e889-d2e1-4197-ba97-81a2b8512746,3.97,false,false,false,near_mint,en,false,EUR,2025-11-14T14:07:18.709Z
Thrumming Hivepool,EOE,Edge of Eternities,247,normal,rare,1,107079,85caf659-7b43-462e-a342-34703d46eb57,1.82,false,false,false,near_mint,en,false,EUR,2025-11-14T14:07:18.709Z
Sword of Fire and Ice,SPG,Special Guests,62,normal,mythic,1,95738,065cd3b9-b5aa-44d3-93f4-3a43694d7a1a,24.86,false,false,false,near_mint,en,false,EUR,2025-11-14T14:07:18.709Z
"Kaya, Geist Hunter",TDC,Tarkir: Dragonstorm Commander,294,normal,mythic,1,104647,52faa78e-252e-465b-91b5-6f64d828da81,0.53,false,false,false,near_mint,en,false,EUR,2025-11-14T14:07:18.709Z
Raging Ravine,EOS,Edge of Eternities: Stellar Sights,35,normal,rare,1,107574,ed878350-ebc3-419b-9dd9-384e44906569,0.37,false,false,false,near_mint,en,false,EUR,2025-11-14T14:07:18.709Z
Needle Spires,EOS,Edge of Eternities: Stellar Sights,30,normal,rare,1,107365,08fb8639-a0bb-4ad7-86b0-46116a078556,0.29,false,false,false,near_mint,en,false,EUR,2025-11-14T14:07:18.709Z
Island,EOE,Edge of Eternities,263,normal,common,1,106783,76313c69-8ec7-49e3-a34e-ade26097284c,0.82,false,false,false,near_mint,en,false,EUR,2025-11-14T14:07:18.709Z
Swamp,EOE,Edge of Eternities,264,normal,common,1,106778,3e724e54-a622-4c77-8183-5a397a7c14a9,0.92,false,false,false,near_mint,en,false,EUR,2025-11-14T14:07:18.709Z
Plains,LCI,The Lost Caverns of Ixalan,287,normal,common,1,86333,b5453630-bfff-4403-a9a9-49f1534e1d42,0.33,false,false,false,near_mint,en,false,EUR,2025-11-14T14:07:18.709Z
Plains,UNF,Unfinity,240,normal,common,1,72817,82283c22-9b64-4f41-a5bb-aeb737eee5c9,2.62,false,false,false,near_mint,en,false,EUR,2025-11-14T14:07:18.709Z
Swamp,DMR,Dominaria Remastered,407,normal,common,1,77759,01c46b9a-07ea-40ab-9a2b-5bee8e7d3496,0.11,false,false,false,near_mint,en,false,EUR,2025-11-14T14:07:18.709Z
Mana Breach,EXO,Exodus,38,normal,uncommon,1,36298,3a97f019-5ad9-4520-ba79-2c9b259748d9,1.22,false,false,false,near_mint,en,false,EUR,2025-11-14T14:07:18.709Z
"Emrakul, the World Anew",MH3,Modern Horizons 3,6,normal,mythic,1,91775,b914bfd9-5be3-4459-a68a-9b3ea2747bbc,6.84,false,false,false,near_mint,en,false,EUR,2025-11-14T14:07:18.709Z
Grafdigger's Cage,M20,Core Set 2020,227,normal,rare,1,45233,0a135e09-b534-4836-9a10-3a9a4a9f8c53,1.95,false,false,false,near_mint,en,false,EUR,2025-11-14T14:07:18.709Z
Lotus Ring,BIG,The Big Score,24,normal,mythic,1,93453,02267717-66e0-41f7-8009-75586a4aa4be,1.0,false,false,false,near_mint,en,false,EUR,2025-11-14T14:07:18.709Z
"Karn, the Great Creator",RVR,Ravnica Remastered,1,normal,mythic,1,89940,deb3721d-fba1-444f-8b31-1cd10c94c4a0,4.22,false,false,false,near_mint,en,false,EUR,2025-11-14T14:07:18.709Z
Banner of Kinship,FDN,Foundations,127,normal,rare,1,100914,a14c16c0-4053-46b0-8fa6-be8b4a7a1c8a,4.88,false,false,false,near_mint,en,false,EUR,2025-11-14T14:07:18.709Z
Excalibur II,FIN,Final Fantasy,257,normal,rare,1,106655,d42e5fed-67ac-46d7-a5d4-78f661f3e8b4,0.52,false,false,false,near_mint,en,false,EUR,2025-11-14T14:07:18.709Z
Mystic Forge,M3C,Modern Horizons 3 Commander,302,normal,rare,1,94931,375e6985-e212-4bd0-b06c-0ca7dc1f68e6,1.02,false,false,false,near_mint,en,false,EUR,2025-11-14T14:07:18.709Z
Demonic Counsel,DSK,Duskmourn: House of Horror,92,normal,rare,1,98684,ff79c845-4115-4fbf-b20f-37470f2bf7fb,1.18,false,false,false,near_mint,en,false,EUR,2025-11-14T14:07:18.709Z
Blade of Selves,TDC,Tarkir: Dragonstorm Commander,313,normal,rare,1,104974,d0ca6a34-724f-47bb-b12d-c4998ffc3bf7,2.62,false,false,false,near_mint,en,false,EUR,2025-11-14T14:07:18.709Z
The Darkness Crystal,FIN,Final Fantasy,96,normal,rare,1,105553,0f93b6ac-54ce-45d0-8549-19307406e6e5,3.12,false,false,false,near_mint,en,false,EUR,2025-11-14T14:07:18.709Z
Island,UNF,Unfinity,241,normal,common,1,72653,15303b22-ddf0-488d-b07e-a118f35ef00f,2.6,false,false,false,near_mint,en,false,EUR,2025-11-14T14:07:18.709Z
Mountain,EOE,Edge of Eternities,265,normal,common,1,106776,3204f401-1bcb-4d97-b15d-113a5d3c3e9f,1.03,false,false,false,near_mint,en,false,EUR,2025-11-14T14:07:18.709Z
Forest,EOE,Edge of Eternities,371,foil,common,1,106774,0d6250d3-728b-4412-8efc-911bb6f5e910,3.14,false,false,false,near_mint,en,false,EUR,2025-11-14T14:07:18.709Z
Swamp,EOE,Edge of Eternities,264,foil,common,1,106778,3e724e54-a622-4c77-8183-5a397a7c14a9,1.06,false,false,false,near_mint,en,false,EUR,2025-11-14T14:07:18.709Z
Plains,EOE,Edge of Eternities,262,normal,common,2,106773,089ae01b-e042-4255-b0ee-17d8f416a8d9,0.88,false,false,false,near_mint,en,false,EUR,2025-11-14T14:07:18.709Z
Lavaclaw Reaches,EOS,Edge of Eternities: Stellar Sights,22,normal,rare,2,107435,5766b7ed-eb92-4c53-a5ad-577b5466ff6f,0.31,false,false,false,near_mint,en,false,EUR,2025-11-14T14:07:18.709Z
Rot-Curse Rakshasa,TDM,Tarkir: Dragonstorm,87,normal,mythic,2,104531,31276460-fa9d-47da-85c5-c4baa8074d0d,2.11,false,false,false,near_mint,en,false,EUR,2025-11-14T14:07:18.709Z
Chain of Vapor,MB2,Mystery Booster 2,156,normal,uncommon,2,97031,ca7d8d4a-76bb-473b-80a4-d4c1a2f435bc,9.21,false,false,false,near_mint,en,false,EUR,2025-11-14T14:07:18.709Z
Swamp,FIN,Final Fantasy,302,normal,common,3,105546,08ec1e4f-e284-4216-a022-bd94c4dae02b,0.18,false,false,false,near_mint,en,false,EUR,2025-11-14T14:07:18.709Z
Swamp,FIN,Final Fantasy,301,normal,common,5,105684,a7f56d20-16dc-4b7f-98bf-124817a83bae,0.19,false,false,false,near_mint,en,false,EUR,2025-11-14T14:07:18.709Z
Plains,FIN,Final Fantasy,296,normal,common,4,105750,ee86ac2f-f398-4422-8721-8ac859fbf5bc,0.12,false,false,false,near_mint,en,false,EUR,2025-11-14T14:07:18.709Z